,Trial,BPM,GestureSize,MedianVelocityRegionOne,MedianVelocityRegionTwo,RegionOneDistance,RegionTwoDistance,TotalRegionDistance,MaxAngleRegionOne,MaxAngleRegionTwo,MinAngleRegionTwo,TimeDiffRegionOneToPlane,TimeDiffRegionTwoToPlane,TimeEndRegionOne,TimeEndRegionTwo,TimeStartRegionOne,TimeStartRegionTwo,TimeDifferenceBetweenCollisions
0,1.0,80.0,S,1.0805,0.6071095999999999,0.3302,0.13713980000000006,0.4673398,67.87199,69.45491,67.03144,0.3,0.16000000000000006,0.46,0.6,0.12,0.48,0.64
1,2.0,80.0,S,0.9591283000000002,0.5662216999999999,0.31473290000000004,0.12790499999999996,0.4426379,69.85531999999999,70.92043000000002,66.94464,0.32,0.16000000000000006,0.46,0.62,0.12,0.48,0.66
2,3.0,80.0,S,1.0775208,0.6532759000000001,0.3723168,0.1609928,0.5333095999999999,68.08369,67.91116,61.58102,0.36,0.16000000000000006,0.52,0.72,0.16,0.54,0.72
3,4.0,80.0,S,1.1405835,0.5097696,0.32210570000000005,0.15352879999999994,0.4756345,75.15100000000002,77.1943,75.72021,0.2799999999999999,0.12,0.56,0.72,0.24,0.58,0.6
4,5.0,80.0,S,1.131928,0.5307626,0.3532903,0.15923649999999995,0.5125268,71.39948000000003,71.43021999999998,65.42288,0.3300000000000001,0.17000000000000004,0.58,0.74,0.24,0.6,0.67
5,6.0,80.0,S,1.0545716,0.6468519,0.3784805,0.15129760000000006,0.5297781,68.97768,68.98109000000001,63.35981,0.30999999999999994,0.16999999999999993,0.54,0.68,0.16,0.56,0.69
6,7.0,80.0,S,1.065533,0.686721,0.3643905,0.15361779999999994,0.5180083,71.99378,72.95826,69.6646,0.37,0.15000000000000002,0.48,0.7,0.18,0.54,0.6699999999999999
7,8.0,80.0,S,1.1420815000000002,0.6843935,0.3569272,0.15756009999999998,0.5144873,69.70382,70.11354,64.22867,0.35000000000000003,0.13,0.44,0.66,0.16,0.5,0.63
8,9.0,80.0,S,1.281573,0.7263056999999999,0.4038373,0.19476079999999998,0.5985981,71.18315,71.30025,65.47829,0.43,0.18999999999999995,0.54,0.78,0.26,0.56,0.71
9,10.0,80.0,S,1.253284,0.6060726,0.4214626,0.18874929999999998,0.6102119,70.62938,71.39008000000003,66.58221999999999,0.35,0.17000000000000004,0.54,0.72,0.2,0.56,0.69
10,11.0,80.0,S,1.204255,0.52884735,0.372937,0.14615310000000006,0.5190901,71.16964,71.2316,66.22965,0.33,0.1499999999999999,0.5,0.68,0.16,0.52,0.6699999999999999
11,12.0,80.0,S,1.139921,0.4980633,0.34324990000000005,0.14244130000000005,0.4856912000000001,71.46121,72.87393,67.51099,0.31000000000000005,0.15000000000000002,0.5,0.66,0.22,0.54,0.5900000000000001
12,13.0,80.0,S,0.9949524,0.6997072,0.3395455,0.15046919999999994,0.4900147,71.95869,72.26578,66.45079,0.30000000000000004,0.16000000000000006,0.6,0.74,0.2,0.62,0.7
13,14.0,80.0,S,0.8666347,0.6466115,0.3106883,0.14092190000000002,0.4516102,72.15496,72.12096,63.18864,0.38,0.16000000000000006,0.48,0.7,0.14,0.54,0.72
14,15.0,80.0,S,1.06132895,0.5913139000000001,0.3147257,0.1485687000000001,0.4632944000000001,77.74814,75.31535,70.41301999999997,0.37,0.15000000000000002,0.52,0.74,0.22,0.58,0.67
15,16.0,80.0,S,1.031303,0.6231211,0.3419761,0.14710949999999995,0.4890856,79.73772,79.91738000000002,75.31829,0.31000000000000005,0.15000000000000002,0.62,0.78,0.24,0.64,0.6900000000000001
16,17.0,80.0,S,0.92155565,0.6301475000000001,0.3318799000000001,0.1458853999999999,0.4777653,72.14237,72.89596999999998,69.06057,0.37,0.15000000000000002,0.5,0.72,0.16,0.56,0.71
17,18.0,80.0,S,0.99585095,0.6316029000000001,0.3510259,0.14109480000000002,0.4921207,71.80474,71.91578,68.8336,0.3300000000000001,0.17000000000000004,0.48,0.64,0.12,0.5,0.6900000000000001
18,19.0,80.0,S,0.9501287,0.5971661,0.30611009999999994,0.13542020000000005,0.4415303,73.67401,75.08176999999998,71.93191999999998,0.33,0.15000000000000002,0.4,0.58,0.06,0.42,0.6699999999999999
19,20.0,80.0,S,0.95206215,0.5374291500000001,0.3403763,0.14191860000000006,0.4822949,70.11089,70.68536999999998,65.53856,0.35000000000000003,0.15000000000000002,0.46,0.66,0.12,0.5,0.6900000000000001
20,21.0,80.0,S,0.9772663,0.3971671,0.2942499,0.1120453,0.4062952,70.54847,71.93755,69.21736999999999,0.27,0.13,0.44,0.58,0.18,0.48,0.53
21,22.0,80.0,S,1.0022950000000002,0.4968399000000001,0.2930697,0.13079849999999998,0.4238682,71.8539,73.33458,70.8541,0.24999999999999994,0.11,0.46,0.6,0.18,0.48,0.53
22,23.0,80.0,S,1.00347,0.5315455,0.28216729999999995,0.12937540000000006,0.4115427,77.95411,80.68633,77.70767,0.27,0.13,0.44,0.58,0.16,0.46,0.5499999999999999
23,24.0,80.0,S,0.96666,0.6823357,0.27951,0.12348200000000005,0.402992,78.52991999999998,80.69541,79.60388,0.25,0.13,0.5,0.62,0.16,0.52,0.59
24,25.0,80.0,S,0.9864243,0.604889,0.2723493,0.1109506,0.3832999,80.80404,75.64229,73.6918,0.24999999999999994,0.13,0.46,0.58,0.16,0.48,0.5499999999999999
25,26.0,80.0,S,0.9240062,0.4529527,0.2833279,0.12948719999999994,0.4128151,71.37183,72.42574,67.5313,0.27,0.11,0.4,0.56,0.14,0.44,0.53
26,27.0,80.0,S,1.131369,0.6330835,0.315386,0.1481676,0.4635536,76.95954,81.73026,78.15295,0.27,0.13,0.46,0.6,0.16,0.48,0.57
27,28.0,80.0,S,0.9179787,0.4420786,0.27808,0.11802400000000003,0.396104,76.89244000000002,78.65977,75.85452,0.27,0.13,0.44,0.58,0.18,0.48,0.53
28,29.0,80.0,S,0.73262585,0.4972412000000001,0.2284459,0.10658280000000003,0.3350287,76.49643,77.20119,71.96552,0.27,0.11,0.38,0.54,0.12,0.44,0.53
29,30.0,80.0,S,0.8361951999999999,0.4742837,0.2856006,0.13297369999999994,0.4185743,73.12739,74.28556,68.49441,0.33,0.15000000000000002,0.46,0.64,0.18,0.5,0.6100000000000001
30,31.0,80.0,S,0.7943633000000001,0.4763846,0.2302635,0.08936879999999997,0.3196323,79.64876,79.89737,75.37826,0.22999999999999995,0.11,0.46,0.58,0.18,0.48,0.51
31,32.0,80.0,S,0.9220046999999999,0.5798736,0.2625386,0.10369639999999997,0.366235,76.81494,77.86904,76.44333,0.27,0.15000000000000002,0.46,0.58,0.12,0.48,0.61
32,33.0,80.0,S,0.9515731,0.6180365,0.2419057000000001,0.10687969999999992,0.3487854,76.22479,77.39246,74.44161,0.23,0.11,0.48,0.6,0.18,0.5,0.53
33,34.0,80.0,S,0.919812,0.6403205999999999,0.2596422,0.11734440000000003,0.3769866,77.2402,77.65415,70.77595,0.33,0.13,0.46,0.66,0.22,0.52,0.5700000000000001
34,35.0,80.0,S,0.99648995,0.7081435,0.2762066,0.12377750000000005,0.3999841,75.43722,75.76661,70.3477,0.24999999999999994,0.11,0.46,0.6,0.16,0.5,0.5499999999999999
35,36.0,80.0,S,0.9429286,0.5690156999999999,0.28585320000000003,0.1227163,0.4085695,73.48909,73.37751,63.97155,0.27,0.08999999999999997,0.38,0.56,0.12,0.44,0.53
36,37.0,80.0,S,0.8890099,0.46729709999999997,0.2751325,0.12271369999999998,0.3978462,74.95906,75.70433,70.21124,0.24999999999999994,0.11,0.44,0.58,0.14,0.46,0.5499999999999999
37,38.0,80.0,S,0.9762521,0.6186359499999999,0.2436518,0.09237779999999997,0.3360296,77.25126999999998,79.25715,78.12387,0.23,0.13,0.5,0.6,0.2,0.52,0.53
38,39.0,80.0,S,1.0045110000000002,0.4943858,0.26986409999999994,0.11920560000000008,0.3890697,76.11294000000002,76.1962,71.69699,0.25,0.11,0.48,0.62,0.18,0.5,0.55
39,40.0,80.0,S,1.04361,0.5168369,0.2495722,0.093391,0.3429632,78.3678,78.50726999999998,76.11907,0.21,0.11,0.44,0.54,0.16,0.46,0.49
40,1.0,100.0,S,1.133827,0.4012046,0.3328407,0.1237061,0.4565468,69.73721,71.36001999999998,68.70116999999999,0.24999999999999994,0.11,0.34,0.48,0.08,0.38,0.51
41,2.0,100.0,S,1.25128,0.5480163,0.3685446,0.1661629,0.5347075,67.85178,68.41255,61.77036999999999,0.27,0.11,0.42,0.58,0.14,0.44,0.5499999999999999
42,3.0,100.0,S,1.3015845,0.6751845999999999,0.353691,0.15965759999999996,0.5133485999999999,71.5163,74.70515,71.91444,0.31,0.11,0.32,0.52,0.08,0.36,0.55
43,5.0,100.0,S,1.397207,0.6786937000000001,0.3873751,0.16738540000000002,0.5547605,68.37245,68.63251,58.51601,0.2500000000000001,0.11000000000000004,0.32,0.46,0.02,0.34,0.55
44,6.0,100.0,S,1.380235,0.7453701,0.4369880999999999,0.16373300000000002,0.6007210999999999,75.23575,77.54868,76.37482,0.25,0.13,0.48,0.6,0.16,0.5,0.57
45,7.0,100.0,S,1.5046815,0.8350224,0.4133848,0.1663447,0.5797295,71.86671,73.17517,69.94771999999999,0.31000000000000005,0.11,0.36,0.56,0.12,0.38,0.55
46,8.0,100.0,S,1.441802,0.5164809,0.3857735,0.15958499999999998,0.5453585,70.75758,71.80068,68.22424000000001,0.23000000000000004,0.09000000000000002,0.32,0.46,0.08,0.34,0.47
47,9.0,100.0,S,1.4104709999999998,0.7857956,0.4067056,0.18411080000000007,0.5908164,71.8925,73.32859,69.65899999999999,0.25,0.11,0.4,0.54,0.1,0.42,0.55
48,10.0,100.0,S,1.422995,0.5760679,0.4060115,0.1478718000000001,0.5538833000000001,69.44069,70.46228,67.93449,0.25,0.11,0.38,0.52,0.1,0.4,0.53
49,11.0,100.0,S,1.399711,0.5706515,0.396982,0.1638966,0.5608786,71.12623,71.96734000000002,67.83936,0.27,0.11,0.34,0.5,0.08,0.38,0.53
50,12.0,100.0,S,1.200952,0.5518111,0.3474123,0.14738929999999995,0.4948016,75.05818000000002,76.99521999999997,73.29916,0.24999999999999994,0.08999999999999997,0.34,0.5,0.08,0.38,0.51
51,13.0,100.0,S,1.112774,0.7569296,0.28835429999999995,0.12717270000000008,0.415527,83.13773,80.73843000000002,79.18165,0.25,0.11,0.36,0.5,0.1,0.4,0.51
52,14.0,100.0,S,1.144114,0.7871361,0.3545494,0.1347276,0.489277,72.16594,73.12379,70.18890999999999,0.24999999999999994,0.1299999999999999,0.44,0.56,0.1,0.46,0.59
53,15.0,100.0,S,0.977424,0.3799024,0.2824355,0.11158459999999998,0.3940201,76.08184,78.81831,76.99467,0.25,0.11,0.38,0.52,0.12,0.4,0.51
54,16.0,100.0,S,1.095905,0.6005189999999999,0.3130507,0.116081,0.4291317,77.39331999999997,79.15295,78.00248,0.23,0.11,0.38,0.5,0.1,0.4,0.51
55,17.0,100.0,S,1.113708,0.6722913,0.2921061,0.11851050000000002,0.4106166,82.6936,84.4127,83.43513,0.25,0.11,0.38,0.52,0.12,0.42,0.51
56,18.0,100.0,S,0.9086254,0.6878738,0.28730029999999995,0.12689520000000004,0.4141955,79.00057,80.29483,78.44798,0.21,0.08999999999999997,0.38,0.5,0.1,0.4,0.49
57,19.0,100.0,S,1.0313290000000002,0.5911021,0.2854331,0.11246830000000002,0.3979014,78.20255999999998,80.06995,77.09744,0.27,0.13,0.34,0.48,0.1,0.38,0.51
58,20.0,100.0,S,1.08112,0.6604229,0.2893524,0.11899550000000005,0.4083479,83.52977,82.00184,80.01696,0.21,0.08999999999999997,0.44,0.56,0.18,0.48,0.47
59,21.0,100.0,S,0.7052208999999999,0.336501,0.2125712,0.08474780000000001,0.297319,76.39529,77.86548,75.23177,0.27,0.13,0.38,0.52,0.14,0.42,0.51
60,22.0,100.0,S,0.8468897500000001,0.4717838,0.2271005,0.09848729999999996,0.3255878,84.06213000000002,82.10403000000002,80.68288000000003,0.27,0.11,0.44,0.6,0.18,0.48,0.53
61,23.0,100.0,S,0.9069993,0.34375009999999995,0.2550871,0.11372549999999998,0.3688126,77.19881,77.94051,71.81837,0.27,0.11,0.44,0.6,0.16,0.46,0.5499999999999999
62,24.0,100.0,S,0.9925382,0.5323512,0.25833110000000004,0.09732589999999997,0.355657,77.77741,77.85381,74.75388000000002,0.25,0.13,0.4,0.52,0.12,0.42,0.53
63,25.0,100.0,S,0.8442519500000001,0.569933,0.2297768,0.10149810000000004,0.33127490000000004,77.4288,77.85597,73.14621,0.21,0.09000000000000008,0.46,0.58,0.16,0.48,0.51
64,26.0,100.0,S,0.9276131,0.52397285,0.2570885,0.10743349999999996,0.364522,78.51333000000002,78.8987,74.05019,0.27,0.11,0.42,0.58,0.12,0.46,0.57
65,27.0,100.0,S,0.9895104,0.6269604,0.2608234,0.10908290000000004,0.3699063,81.41936,81.10674,76.39263000000003,0.23,0.11,0.52,0.64,0.22,0.54,0.53
66,28.0,100.0,S,0.9695351000000001,0.58985515,0.303891,0.1428931,0.4467841,81.10306,81.96468,76.57918000000002,0.31,0.13,0.46,0.64,0.18,0.5,0.5900000000000001
67,29.0,100.0,S,0.9104427,0.4337066,0.235423,0.09436459999999997,0.3297876,78.55481,78.67218000000003,74.12854,0.22999999999999995,0.11,0.46,0.58,0.16,0.48,0.5299999999999999
68,30.0,100.0,S,0.7283891,0.437667,0.2009878,0.08212040000000004,0.28310820000000003,77.02188000000002,76.74733,70.09406,0.21,0.08999999999999997,0.44,0.56,0.16,0.46,0.49
69,31.0,100.0,S,0.80371,0.5113807,0.2412204,0.10608169999999996,0.34730209999999995,75.94086,76.73869,71.72977,0.23,0.08999999999999997,0.4,0.54,0.1,0.42,0.53
70,32.0,100.0,S,0.7778146,0.458667,0.2157874,0.08208259999999998,0.29787,75.18087,75.0579,70.02271999999999,0.25,0.11,0.38,0.52,0.1,0.42,0.53
71,33.0,100.0,S,0.8062486,0.69098225,0.250165,0.10350889999999996,0.3536739,76.30041999999997,76.63676,70.63127,0.19,0.08999999999999997,0.44,0.54,0.08,0.46,0.55
72,34.0,100.0,S,0.8157076999999999,0.3935735,0.2420735,0.10013209999999992,0.34220559999999994,81.92469,82.49566999999998,79.05025,0.25,0.11,0.36,0.5,0.08,0.38,0.53
73,35.0,100.0,S,0.8228804,0.558619,0.24039120000000005,0.10280699999999997,0.3431982,82.83998000000003,82.7258,77.78407,0.23,0.11,0.4,0.52,0.1,0.42,0.53
74,36.0,100.0,S,0.7616118999999999,0.3716263,0.2388372000000001,0.10445679999999988,0.343294,82.75196,82.82979,79.87814,0.23000000000000004,0.09000000000000008,0.44,0.58,0.18,0.48,0.4900000000000001
75,37.0,100.0,S,0.9317996,0.4977809,0.2472605,0.09965590000000002,0.3469164,85.28256999999998,85.57834,82.57874,0.25,0.11,0.4,0.54,0.18,0.44,0.47
76,38.0,100.0,S,0.7770990500000001,0.4896228,0.2347093,0.10764900000000002,0.3423583,80.45183,80.64902,74.93916,0.21,0.09000000000000008,0.46,0.58,0.16,0.48,0.51
77,39.0,100.0,S,0.7565200999999999,0.4232925500000001,0.2310471,0.1053109,0.336358,80.02526,80.79706,77.53394,0.23000000000000004,0.08999999999999997,0.42,0.56,0.14,0.44,0.51
78,40.0,100.0,S,0.7883017,0.4860816,0.241585,0.08824890000000002,0.3298339,83.60436,83.82566,81.8467,0.23,0.11,0.38,0.5,0.1,0.4,0.51
79,1.0,120.0,S,0.97560965,0.5087696,0.2140417,0.08329750000000002,0.2973392,75.37997,80.3192,78.63725,0.21,0.11000000000000004,0.32,0.42,0.1,0.36,0.4300000000000001
80,2.0,120.0,S,0.98802845,0.44489455,0.2217164,0.08844580000000007,0.31016220000000005,78.97834,76.89528,75.7366,0.21,0.08999999999999997,0.28,0.4,0.08,0.32,0.41
81,3.0,120.0,S,1.07612,0.3583005,0.2384775,0.09825070000000002,0.33672820000000003,73.3195,76.10274,74.75714,0.21,0.09000000000000002,0.34,0.46,0.14,0.38,0.41
82,4.0,120.0,S,1.063805,0.54507795,0.2181976,0.09443139999999996,0.312629,76.62075,80.48442,78.24557,0.23,0.09000000000000002,0.28,0.42,0.1,0.32,0.41
83,5.0,120.0,S,1.039012,0.5814286999999999,0.2139355,0.0784936,0.2924291,72.90302,73.4577,69.31594,0.23,0.08999999999999997,0.2,0.34,0.02,0.28,0.41
84,6.0,120.0,S,0.9445317,0.5654929,0.2358129,0.0999602,0.3357731,78.77209,80.51720999999998,79.02769,0.15000000000000002,0.05000000000000005,0.38,0.48,0.12,0.4,0.41
85,7.0,120.0,S,1.189619,0.5107484999999999,0.2784722,0.12465000000000005,0.4031222,72.11536,73.9573,69.43353,0.21000000000000008,0.07000000000000006,0.36,0.5,0.16,0.4,0.41
86,8.0,120.0,S,1.004237,0.65629645,0.3006929,0.11073630000000012,0.4114292000000001,74.12295,76.07851,75.09081,0.21000000000000008,0.11000000000000004,0.36,0.46,0.1,0.38,0.4700000000000001
87,9.0,120.0,S,0.99291375,0.6553034000000001,0.2437839,0.09957669999999996,0.3433606,73.72348000000002,73.65919,68.70662,0.15000000000000002,0.07,0.3,0.38,0.04,0.32,0.41
88,10.0,120.0,S,1.1953745,0.6986829000000001,0.2842288,0.12255929999999997,0.4067881,80.19131,81.79511,79.18681,0.27,0.09000000000000002,0.28,0.46,0.08,0.34,0.47
89,11.0,120.0,S,0.92505315,0.5654798000000001,0.27432929999999994,0.11295220000000004,0.3872815,70.18393,70.36626,64.37508000000001,0.21,0.09000000000000002,0.34,0.46,0.08,0.36,0.47
90,12.0,120.0,S,1.117843,0.3868781,0.29020159999999995,0.11308920000000006,0.4032908,78.24834,80.14976,77.14397,0.21,0.08999999999999997,0.38,0.5,0.14,0.4,0.45
91,13.0,120.0,S,1.1889,0.48953725,0.2732865,0.11324120000000006,0.3865277,81.67699,83.68835,78.73040999999998,0.19000000000000009,0.09000000000000008,0.38,0.48,0.14,0.4,0.4300000000000001
92,14.0,120.0,S,1.073796,0.4284482,0.3025703,0.09727940000000003,0.3998497,70.49292,70.5391,67.72166999999999,0.19000000000000009,0.09000000000000002,0.36,0.46,0.1,0.38,0.4500000000000001
93,15.0,120.0,S,1.169774,0.7847656000000001,0.3151213,0.13278929999999997,0.4479106,79.85754,84.58746,81.24209,0.15000000000000002,0.05000000000000005,0.4,0.5,0.16,0.42,0.39
94,16.0,120.0,S,1.319232,0.6549635,0.2900547,0.11524949999999999,0.4053042,74.94951,77.85078,76.05096,0.23000000000000004,0.09000000000000008,0.34,0.48,0.16,0.36,0.41
95,17.0,120.0,S,1.166526,0.4011267,0.3129686,0.12920120000000013,0.4421698000000001,77.19138000000002,77.94315999999998,75.11929,0.23000000000000004,0.09000000000000008,0.34,0.48,0.1,0.38,0.4700000000000001
96,18.0,120.0,S,1.218995,0.5368378,0.3397166,0.1511744,0.490891,74.83104,75.52965999999998,70.63896,0.23,0.08999999999999997,0.38,0.52,0.12,0.4,0.49
97,19.0,120.0,S,1.4218879999999998,0.45952655,0.3554285,0.11611210000000001,0.4715406,71.79149,73.76658,71.71633,0.21,0.11000000000000004,0.32,0.42,0.08,0.34,0.45
98,20.0,120.0,S,1.2528015,0.66064455,0.347236,0.16932000000000005,0.516556,71.05769000000002,73.22726,68.80757,0.23000000000000004,0.07000000000000006,0.34,0.5,0.1,0.36,0.4700000000000001
99,21.0,120.0,S,0.9650395,0.5974503000000001,0.2451221,0.10410740000000003,0.3492295,81.39021,82.13356,75.30478000000002,0.22000000000000006,0.09999999999999998,0.42,0.54,0.16,0.44,0.48
100,22.0,120.0,S,1.03164055,0.3857142,0.2734035,0.1137496,0.3871531,77.52765,78.85852,77.71311,0.21000000000000008,0.09000000000000008,0.36,0.48,0.12,0.38,0.4500000000000001
101,23.0,120.0,S,0.9348636,0.5303339,0.30741890000000005,0.13222010000000006,0.4396390000000001,75.16628,75.92554,70.6443,0.24999999999999994,0.11,0.34,0.48,0.08,0.36,0.51
102,24.0,120.0,S,0.9998538,0.3791509,0.2662625,0.10841079999999996,0.3746733,79.38355,79.59589,76.56895,0.25,0.11,0.36,0.5,0.12,0.4,0.49
103,25.0,120.0,S,1.07599625,0.50686635,0.2575942,0.1086954,0.3662896,80.65919,81.24339,76.43467,0.29,0.11,0.3,0.48,0.1,0.34,0.49
104,26.0,120.0,S,1.0888790000000002,0.6415571,0.2237264,0.09594129999999998,0.3196677,77.85008,80.77161,79.4397,0.19000000000000009,0.09000000000000002,0.36,0.46,0.1,0.38,0.4500000000000001
105,27.0,120.0,S,1.0188045,0.407499,0.2424124,0.08861730000000001,0.3310297,79.51941,80.47935,79.90923000000002,0.23,0.11,0.28,0.4,0.08,0.32,0.43
106,28.0,120.0,S,0.9655676999999999,0.5016872,0.2698866,0.11393260000000005,0.3838192,77.99605,79.83001999999998,75.98115,0.30000000000000004,0.12000000000000005,0.26,0.44,0.02,0.3,0.54
107,29.0,120.0,S,0.9965051,0.5984254,0.2590307,0.10986789999999996,0.3688986,81.16841,81.63264000000002,78.56223,0.23,0.11,0.28,0.4,0.02,0.3,0.49
108,30.0,120.0,S,0.91170785,0.4135297000000001,0.2531698,0.10405540000000002,0.3572252,80.52513,80.66792,78.33184,0.23000000000000004,0.09000000000000002,0.3,0.44,0.06,0.34,0.47
109,31.0,120.0,S,1.0537,0.5296418,0.2336976,0.10605979999999998,0.3397574,77.45736,79.9538,78.85611999999998,0.21,0.07,0.28,0.42,0.1,0.32,0.39
110,32.0,120.0,S,1.198243,0.6165347,0.2443619,0.10876039999999998,0.3531223,83.15438,86.62021999999996,83.58117,0.23,0.09000000000000002,0.28,0.42,0.1,0.32,0.41
111,33.0,120.0,S,1.00760505,0.50272615,0.2289814,0.08922400000000005,0.3182054,76.6402,77.34019,72.33744,0.18999999999999995,0.08999999999999997,0.28,0.38,0.04,0.3,0.43
112,34.0,120.0,S,1.1204085,0.5497999,0.23173890000000005,0.092724,0.32446290000000005,83.1832,84.09014,82.17014,0.21,0.11000000000000004,0.32,0.42,0.08,0.36,0.45
113,36.0,120.0,S,0.9026034,0.4167338,0.2440133,0.0937847,0.337798,75.90095,77.16468,75.27932,0.21000000000000008,0.09000000000000008,0.36,0.48,0.12,0.38,0.4500000000000001
114,37.0,120.0,S,1.0064516,0.5630834,0.2095718,0.08203780000000001,0.2916096,80.97851,84.10844,83.45753,0.23,0.09000000000000002,0.22,0.36,0.06,0.28,0.39
115,38.0,120.0,S,0.98399765,0.66505295,0.2263691,0.09463699999999994,0.3210061,77.38166,77.81421999999998,73.76089,0.19000000000000009,0.09000000000000008,0.38,0.48,0.1,0.4,0.4700000000000001
116,39.0,120.0,S,0.9430405,0.6330563499999999,0.2639611,0.09895299999999996,0.3629141,80.78116,81.29785,79.7296,0.17000000000000004,0.07000000000000006,0.38,0.48,0.1,0.4,0.4500000000000001
117,40.0,120.0,S,1.05178,0.5290023500000001,0.2573282,0.1058051,0.3631333,76.41346999999998,76.63585,73.9318,0.19,0.08999999999999997,0.42,0.52,0.16,0.44,0.45
118,1.0,80.0,M,1.9186235,0.95160995,0.5678506999999999,0.24244940000000004,0.8103001,79.95868,81.46840999999998,75.7429,0.39,0.15000000000000002,0.5,0.74,0.22,0.56,0.67
119,2.0,80.0,M,1.884418,0.7696703,0.5687035,0.2263456999999999,0.7950491999999999,81.37791,84.75583,78.76313,0.33,0.13,0.5,0.7,0.2,0.52,0.6299999999999999
120,3.0,80.0,M,1.8120490000000002,0.9080190999999999,0.5860084,0.25769070000000005,0.8436991,77.63309,79.26398,73.46665,0.31000000000000005,0.13,0.5,0.68,0.16,0.52,0.65
121,4.0,80.0,M,1.989433,0.8553546999999999,0.6151456999999999,0.28072010000000025,0.8958658000000002,79.54202,80.56128000000002,75.38135,0.35,0.11,0.48,0.72,0.22,0.52,0.61
122,5.0,80.0,M,1.923927,0.9745889,0.5928309,0.25832619999999995,0.8511571,75.08839,77.22049,73.46751,0.3700000000000001,0.13,0.44,0.68,0.18,0.46,0.6300000000000001
123,6.0,80.0,M,1.817969,0.821385,0.5709519000000001,0.24523149999999996,0.8161834,77.46368000000002,80.70317,76.05544,0.35000000000000003,0.11,0.44,0.68,0.16,0.46,0.63
124,7.0,80.0,M,1.557552,0.7654158000000001,0.5201948000000001,0.2377692,0.7579640000000001,73.33391,75.31461999999998,72.83569,0.31000000000000005,0.1100000000000001,0.5,0.7,0.16,0.52,0.65
125,8.0,80.0,M,1.6392875,0.89828215,0.5387132,0.2269684999999999,0.7656816999999999,78.93096,81.7878,79.10823,0.4099999999999999,0.16999999999999993,0.54,0.78,0.26,0.6,0.69
126,9.0,80.0,M,1.486451,0.85841325,0.5427393,0.233281,0.7760203,77.22505,79.04424,76.48003,0.3300000000000001,0.15000000000000002,0.48,0.66,0.14,0.5,0.67
127,10.0,80.0,M,1.3169110000000002,0.8461083,0.4887452000000001,0.18087949999999986,0.6696247,73.27368,74.73613,72.63747,0.27,0.13,0.54,0.68,0.18,0.56,0.6300000000000001
128,11.0,80.0,M,1.302243,0.7910054,0.4596262,0.17537179999999994,0.634998,74.17945,76.1976,74.35486999999998,0.30999999999999994,0.16999999999999993,0.54,0.68,0.2,0.56,0.6499999999999999
129,12.0,80.0,M,1.466736,0.7911675,0.489111,0.20979710000000007,0.6989081,75.97985,79.45911,77.02264,0.31000000000000005,0.13,0.5,0.68,0.14,0.52,0.67
130,13.0,80.0,M,1.577506,0.8236357,0.5442583000000001,0.21760119999999994,0.7618595,76.10168,77.55922,76.07066999999998,0.30999999999999994,0.15000000000000002,0.56,0.72,0.2,0.58,0.6699999999999999
131,14.0,80.0,M,1.595175,0.7347186,0.4897001,0.21301869999999995,0.7027188,74.42553000000002,77.47367,75.0751,0.41,0.17000000000000004,0.48,0.72,0.18,0.52,0.71
132,15.0,80.0,M,1.288656,0.80610045,0.4655887,0.16573099999999996,0.6313196999999999,74.31519,75.32914,74.19283,0.27,0.13,0.62,0.76,0.26,0.64,0.63
133,16.0,80.0,M,1.482609,0.7520185,0.5180371,0.2373482,0.7553853,84.61496,86.89115,80.39618,0.37,0.15000000000000002,0.56,0.78,0.22,0.58,0.7100000000000001
134,17.0,80.0,M,1.4891905,0.7558208000000001,0.4826937,0.23221119999999995,0.7149049,69.32639,71.83084000000002,67.80269,0.37,0.11,0.46,0.72,0.18,0.48,0.6499999999999999
135,18.0,80.0,M,1.345121,0.7022188,0.4642431,0.20808259999999995,0.6723256999999999,72.51018,73.22598,69.55224,0.31000000000000005,0.11,0.58,0.78,0.24,0.6,0.65
136,19.0,80.0,M,1.5940725,0.6992602,0.4584431,0.2118092000000001,0.6702523,77.1881,77.65415,75.86279,0.35,0.13,0.52,0.74,0.24,0.56,0.63
137,20.0,80.0,M,1.1883780000000002,0.6988281999999999,0.4854663,0.20879270000000003,0.694259,74.95297,76.13884,73.65035,0.31000000000000005,0.13,0.58,0.76,0.22,0.6,0.67
138,21.0,80.0,M,1.237755,0.4196883,0.348235,0.1257259,0.4739609,69.66894,69.54774,65.6917,0.27,0.13,0.4,0.54,0.12,0.42,0.55
139,22.0,80.0,M,1.41606,0.7407986999999999,0.4155801,0.17265609999999992,0.5882361999999999,83.55664,80.59966,78.40454,0.25,0.11,0.5,0.64,0.2,0.52,0.55
140,23.0,80.0,M,1.284532,0.845392,0.4400444000000001,0.15327579999999985,0.5933202,72.28777,73.24305,69.7262,0.24999999999999994,0.11,0.46,0.6,0.14,0.5,0.57
141,24.0,80.0,M,1.310876,0.7101613,0.4267118,0.16168820000000006,0.5884,73.35793000000002,73.93918000000002,72.18726,0.27,0.13,0.46,0.6,0.1,0.48,0.63
142,25.0,80.0,M,1.479982,0.6895544,0.3996184,0.17214739999999995,0.5717658,74.0816,75.85498,73.99306,0.24999999999999994,0.11,0.46,0.6,0.16,0.48,0.5499999999999999
143,26.0,80.0,M,1.40723,0.8450751,0.4325455,0.18418190000000007,0.6167274,73.59891,73.71725,69.10498,0.33,0.11,0.36,0.58,0.1,0.38,0.59
144,27.0,80.0,M,1.571968,0.9111068,0.438153,0.1827725000000001,0.6209255,70.99854,71.84338000000002,68.11997,0.30999999999999994,0.11,0.4,0.6,0.16,0.42,0.5499999999999999
145,28.0,80.0,M,1.4593600000000002,0.4619604000000001,0.4299324000000001,0.18841019999999986,0.6183426,77.8806,76.27199999999998,74.68401,0.27,0.11,0.48,0.64,0.18,0.5,0.5700000000000001
146,29.0,80.0,M,1.53505,0.5817468000000001,0.4094765,0.15658410000000006,0.5660606,73.47659,73.4151,69.52676,0.24999999999999994,0.11,0.46,0.6,0.18,0.48,0.53
147,30.0,80.0,M,1.354925,0.9500363000000002,0.4347239000000001,0.17124559999999986,0.6059694999999999,77.14559,77.42889,73.64994,0.23,0.11,0.48,0.6,0.14,0.5,0.57
148,31.0,80.0,M,1.5138655,0.7712386,0.4136684000000001,0.15199119999999985,0.5656595999999999,80.81844,81.21491999999998,79.50644,0.23,0.11,0.38,0.5,0.12,0.4,0.49
149,32.0,80.0,M,1.574106,0.6754433000000001,0.4317982,0.19993739999999996,0.6317356,72.5974,72.97251999999997,66.83475,0.27,0.11,0.38,0.54,0.1,0.42,0.55
150,33.0,80.0,M,1.5263665000000002,0.8931733000000001,0.4243537,0.18320679999999995,0.6075605,72.39153,74.00254,71.96252,0.30999999999999994,0.11,0.38,0.58,0.14,0.4,0.5499999999999999
151,34.0,80.0,M,1.632254,0.6773986,0.4728166,0.2240999,0.6969165,73.60117,75.47886,73.76158000000002,0.27,0.08999999999999997,0.46,0.64,0.2,0.5,0.53
152,35.0,80.0,M,1.32756,0.8475251,0.4274316,0.1576819000000001,0.5851135000000001,74.16011,76.23295999999998,74.88943,0.25,0.11,0.52,0.66,0.22,0.56,0.55
153,36.0,80.0,M,1.351609,0.509332,0.3830717,0.14039049999999995,0.5234622,70.43462,71.91781999999998,70.08941999999999,0.24999999999999994,0.11,0.44,0.58,0.18,0.48,0.51
154,37.0,80.0,M,1.265185,0.4931985,0.412236,0.14874880000000007,0.5609848000000001,74.14577,75.38928,73.44978,0.27,0.13,0.44,0.58,0.16,0.48,0.5499999999999999
155,38.0,80.0,M,1.2703955,0.8639064000000001,0.3994122000000001,0.18267879999999992,0.582091,76.98141,78.7907,74.83317,0.24999999999999994,0.08999999999999997,0.46,0.62,0.16,0.5,0.5499999999999999
156,39.0,80.0,M,1.29934,0.8339339,0.4082144,0.15033419999999992,0.5585486,72.42738,72.89823,70.5349,0.25,0.13,0.48,0.6,0.14,0.5,0.59
157,40.0,80.0,M,1.363796,0.5391188,0.3684962,0.14466099999999998,0.5131572,81.16839,76.62318,75.37718000000002,0.27,0.13,0.5,0.64,0.2,0.52,0.5700000000000001
158,1.0,100.0,M,1.7764185,1.061025,0.5619911999999999,0.23735610000000015,0.7993473000000001,80.79231,78.62232,75.75431999999998,0.29,0.11,0.42,0.6,0.14,0.46,0.57
159,2.0,100.0,M,1.6504470000000002,0.9162446,0.4875067,0.1948511,0.6823578,79.62014,81.17751,77.97343000000002,0.30999999999999994,0.11,0.38,0.58,0.12,0.44,0.57
160,3.0,100.0,M,1.910788,0.6650881999999999,0.4875841,0.17076049999999998,0.6583446,76.41554000000002,77.89303000000002,76.12763000000002,0.25,0.11,0.4,0.54,0.12,0.42,0.53
161,4.0,100.0,M,2.2609980000000003,1.094905,0.5311724,0.27271369999999995,0.8038860999999999,82.30558,88.2889,79.87788,0.33,0.11,0.44,0.66,0.24,0.46,0.53
162,5.0,100.0,M,1.533675,0.5277231,0.4740082000000001,0.19048069999999995,0.6644889,77.60501,79.07776,75.52135,0.27,0.11,0.38,0.54,0.12,0.4,0.53
163,6.0,100.0,M,1.6922104999999998,0.8197946,0.4792283,0.2022799,0.6815081999999999,77.27164,77.79749,72.86814,0.29,0.08999999999999997,0.46,0.66,0.22,0.52,0.53
164,7.0,100.0,M,1.602946,0.6966649999999999,0.4912545,0.20993320000000004,0.7011877,81.82346,87.91449,82.46359,0.29,0.11,0.46,0.64,0.2,0.48,0.55
165,8.0,100.0,M,1.5318120000000002,0.8080629,0.4395244,0.1822885,0.6218129,82.82725,85.4948,80.88942,0.27,0.07000000000000006,0.28,0.48,0.04,0.32,0.51
166,9.0,100.0,M,1.7434740000000002,1.0835191000000002,0.5054666,0.22043270000000004,0.7258993,81.47878,81.60451,76.94215,0.25,0.11,0.52,0.66,0.24,0.54,0.53
167,10.0,100.0,M,1.6824065,0.7672545000000001,0.480736,0.17758000000000007,0.658316,78.64314,80.58633,78.22715,0.29,0.11,0.34,0.52,0.1,0.38,0.53
168,11.0,100.0,M,1.490112,0.9891362,0.5038847,0.21646490000000007,0.7203496,82.86509000000002,83.1276,77.58688000000002,0.25,0.11,0.54,0.68,0.2,0.56,0.5900000000000001
169,12.0,100.0,M,1.607008,0.96740955,0.4757548,0.20419989999999996,0.6799546999999999,78.59561,83.57305,80.16654,0.25,0.11,0.36,0.5,0.08,0.38,0.53
170,13.0,100.0,M,1.647563,0.9850144,0.469003,0.1802724,0.6492754,82.9556,87.52221999999998,83.6888,0.24999999999999994,0.13,0.46,0.58,0.18,0.48,0.53
171,14.0,100.0,M,1.2634105,0.91871575,0.4282054,0.18268910000000002,0.6108945,85.04021999999998,86.55015,77.47126,0.27,0.11,0.42,0.58,0.12,0.46,0.57
172,15.0,100.0,M,1.420105,0.8825045,0.3698263,0.15582289999999993,0.5256491999999999,79.11505,81.24396,77.88073,0.22999999999999995,0.08999999999999997,0.46,0.6,0.18,0.5,0.51
173,16.0,100.0,M,1.386624,0.5842282,0.4082371,0.15475470000000008,0.5629918,82.40355,82.57681,79.38435,0.27,0.13,0.36,0.5,0.1,0.38,0.53
174,17.0,100.0,M,1.571231,0.82924635,0.424505,0.17842019999999992,0.6029251999999999,81.76781,82.06045999999998,76.74679,0.24999999999999994,0.11,0.44,0.58,0.18,0.46,0.51
175,18.0,100.0,M,1.711641,0.9399056,0.4566849,0.16913800000000007,0.6258229000000001,83.36886,83.89541,81.25291999999997,0.25,0.13,0.4,0.52,0.1,0.42,0.55
176,19.0,100.0,M,1.3867015,0.7982818,0.443242,0.1882264,0.6314684,79.41704,80.66781999999998,75.68583000000002,0.27,0.11,0.44,0.6,0.14,0.46,0.57
177,20.0,100.0,M,1.6876685000000002,0.8041931999999999,0.380956,0.1580118000000001,0.5389678000000001,83.41351,85.72211,83.12595,0.25,0.08999999999999997,0.38,0.54,0.18,0.44,0.45
178,21.0,100.0,M,1.151512,0.646814,0.3187627,0.13379979999999994,0.4525625,70.34007,71.79368000000002,68.55561,0.30999999999999994,0.11,0.4,0.6,0.16,0.46,0.5499999999999999
179,22.0,100.0,M,1.345815,0.4951076,0.3470625,0.16549149999999996,0.512554,75.03556,75.62404000000002,69.31466,0.27,0.11,0.5,0.66,0.22,0.52,0.55
180,23.0,100.0,M,1.330968,0.72330445,0.4128324,0.1884455,0.6012779,77.0084,78.67361,75.70453,0.31,0.11,0.46,0.66,0.2,0.5,0.5700000000000001
181,24.0,100.0,M,1.430548,0.8042169,0.3629967,0.14823360000000002,0.5112303,76.24218,77.08355,74.95758000000002,0.22999999999999995,0.11,0.46,0.58,0.18,0.48,0.51
182,25.0,100.0,M,1.264989,0.6692239999999999,0.3993255,0.18336219999999992,0.5826876999999999,74.16158,78.1452,75.41164,0.31,0.11,0.42,0.62,0.14,0.46,0.59
183,26.0,100.0,M,0.948211,0.8241478000000001,0.4160571,0.18641230000000006,0.6024694,76.23805,78.80412,75.54095,0.22999999999999995,0.08999999999999997,0.46,0.6,0.1,0.48,0.59
184,27.0,100.0,M,1.323004,0.8938387999999999,0.4348476,0.1772394,0.6120869999999999,76.86513000000002,76.93264,72.39584,0.27,0.11,0.5,0.66,0.18,0.54,0.5900000000000001
185,28.0,100.0,M,1.4682959999999998,0.6211411,0.4127028,0.15432750000000006,0.5670303000000001,78.26968000000002,78.06882,76.12885,0.27,0.13,0.48,0.62,0.18,0.5,0.5700000000000001
186,29.0,100.0,M,1.2957845,0.6681948,0.4169978,0.16542050000000005,0.5824183,75.97729,76.16183000000002,71.34697,0.33,0.13,0.46,0.66,0.18,0.5,0.6100000000000001
187,30.0,100.0,M,1.26818,0.6327394000000001,0.4166282,0.1878559,0.6044841,76.46828000000002,79.69866,74.60481,0.31,0.11,0.44,0.64,0.16,0.46,0.59
188,31.0,100.0,M,1.537919,0.6319615,0.4460794,0.19887190000000016,0.6449513000000001,75.07028000000003,75.24821,71.07686,0.27,0.08999999999999997,0.46,0.64,0.18,0.5,0.55
189,32.0,100.0,M,1.3790864999999999,0.6103331999999999,0.3733436,0.16848670000000016,0.5418303000000001,83.63625,84.60644,80.18293,0.27,0.08999999999999997,0.46,0.64,0.22,0.5,0.51
190,33.0,100.0,M,1.110676,0.70956655,0.3549531,0.15140339999999994,0.5063565,79.32619,82.09312,78.22774,0.27,0.11,0.48,0.64,0.2,0.5,0.55
191,34.0,100.0,M,1.166463,0.9054895,0.389003,0.15545649999999994,0.5444595,77.38873000000002,78.11433000000002,74.22978,0.23,0.11,0.5,0.62,0.16,0.52,0.57
192,35.0,100.0,M,1.304636,0.78262275,0.3961738,0.16367710000000008,0.5598509,81.89758,83.02620999999998,76.40191999999998,0.27,0.11,0.46,0.62,0.16,0.48,0.57
193,36.0,100.0,M,1.176697,0.7518969499999999,0.3716308,0.15122379999999996,0.5228546,78.8344,79.9668,75.66853,0.27,0.11,0.5,0.66,0.2,0.54,0.5700000000000001
194,37.0,100.0,M,1.181327,0.6035057500000001,0.3219885,0.15604979999999996,0.4780383,72.02029,72.94677,65.83487,0.30999999999999994,0.11,0.38,0.58,0.14,0.4,0.5499999999999999
195,38.0,100.0,M,1.114372,0.6986154,0.34187,0.14170429999999995,0.4835743,72.07096999999997,72.57831999999998,66.40604,0.30999999999999994,0.11,0.4,0.6,0.14,0.46,0.57
196,39.0,100.0,M,1.172336,0.7683349500000001,0.3425887,0.15077059999999998,0.4933593,74.47440999999998,74.66051,67.29784000000001,0.27,0.11,0.42,0.58,0.12,0.44,0.57
197,40.0,100.0,M,1.154311,0.67995925,0.35184740000000003,0.1589174,0.5107648,73.52269,74.45285,69.14854,0.27,0.08999999999999997,0.38,0.56,0.12,0.42,0.53
198,1.0,120.0,M,1.8042145,0.85870275,0.4302647,0.19651989999999991,0.6267845999999999,76.20689,78.52026,76.25417,0.29000000000000004,0.09000000000000002,0.26,0.46,0.06,0.28,0.4900000000000001
199,2.0,120.0,M,1.889386,0.4697326,0.4060186,0.15349110000000005,0.5595097,80.04824,81.38728,79.12053,0.21,0.08999999999999997,0.26,0.38,0.06,0.28,0.41
200,3.0,120.0,M,1.427979,0.65137115,0.3877694,0.15891979999999994,0.5466892,77.02008000000002,80.18436,77.80488000000003,0.23,0.08999999999999997,0.36,0.5,0.12,0.38,0.47
201,4.0,120.0,M,1.53795,0.5579967,0.462417,0.17094340000000002,0.6333604,75.54704,78.77163,76.73692,0.23,0.11,0.38,0.5,0.12,0.4,0.49
202,5.0,120.0,M,1.482346,0.7078015000000001,0.4048149,0.15025839999999996,0.5550733,79.78601,84.90611,80.41705999999998,0.21,0.08999999999999997,0.26,0.38,0.02,0.28,0.45
203,6.0,120.0,M,1.421475,0.7221859,0.3752018,0.14407599999999998,0.5192778,76.30149,76.90252,73.79871,0.17000000000000004,0.09000000000000002,0.38,0.46,0.12,0.4,0.4300000000000001
204,7.0,120.0,M,1.740386,0.77184845,0.4323174,0.16944579999999992,0.6017631999999999,76.10372,78.28224,76.00975,0.21,0.06999999999999995,0.4,0.54,0.16,0.42,0.45
205,8.0,120.0,M,1.5446364999999995,1.062293,0.4352838,0.19066679999999991,0.6259505999999999,84.80801,86.73385,81.61182,0.21000000000000008,0.09000000000000008,0.36,0.48,0.1,0.38,0.4700000000000001
206,9.0,120.0,M,1.6901275000000002,0.6158670999999999,0.4770720000000001,0.1830264,0.6600984000000001,82.36717,84.5918,82.13756,0.23,0.11,0.4,0.52,0.14,0.42,0.49
207,10.0,120.0,M,1.511631,0.9852466999999999,0.380796,0.15068290000000004,0.5314789000000001,78.66322,78.97489,74.66976,0.17000000000000004,0.07000000000000006,0.4,0.5,0.12,0.42,0.4500000000000001
208,11.0,120.0,M,1.663446,0.7879885999999999,0.4835157,0.19886199999999987,0.6823776999999999,69.2625,70.58018,66.79278000000001,0.25,0.11000000000000004,0.28,0.42,0.02,0.3,0.51
209,12.0,120.0,M,1.9146165,0.7518958,0.4490773,0.1892324,0.6383097,73.78264,74.11849000000002,69.51612,0.2500000000000001,0.07000000000000006,0.3,0.48,0.1,0.34,0.4500000000000001
210,13.0,120.0,M,1.795147,1.053277,0.447794,0.18387360000000005,0.6316676,74.74723,76.40505,72.81215999999998,0.21,0.09000000000000002,0.34,0.46,0.06,0.36,0.4900000000000001
211,14.0,120.0,M,1.935316,0.9484007,0.4716658,0.17879720000000004,0.650463,74.62669,75.98550999999998,73.59734,0.23,0.08999999999999997,0.36,0.5,0.12,0.4,0.47
212,15.0,120.0,M,1.7840405,1.067792,0.4302088,0.21374880000000007,0.6439576,71.50568,75.72941,71.81933000000002,0.27,0.07,0.26,0.46,0.06,0.28,0.47
213,16.0,120.0,M,1.592984,0.8905921,0.4469687,0.1843699,0.6313386,75.1489,75.17336,70.52962,0.23000000000000004,0.09000000000000008,0.34,0.48,0.1,0.38,0.4700000000000001
214,17.0,120.0,M,1.884153,0.6589668000000001,0.446328,0.2023671,0.6486951,77.97353000000003,80.02994,78.21804,0.25,0.09000000000000002,0.28,0.44,0.08,0.3,0.45
215,18.0,120.0,M,1.807726,0.9070553,0.4337485,0.2043666999999999,0.6381151999999999,80.14101,82.18811,76.69800000000002,0.21,0.07,0.32,0.46,0.08,0.34,0.45
216,19.0,120.0,M,1.6941700000000002,1.0246304,0.4348288,0.1872626000000001,0.6220914000000001,77.36833,79.27434000000002,77.57011,0.25,0.07,0.28,0.46,0.08,0.3,0.45
217,20.0,120.0,M,1.574946,0.7249204,0.4296586,0.15410240000000006,0.583761,81.28445,81.62482,77.8989,0.18999999999999995,0.08999999999999997,0.4,0.5,0.12,0.42,0.47
218,21.0,120.0,M,1.308175,0.5204641999999999,0.3656583,0.14316900000000002,0.5088273,85.54019,84.68417,82.94485999999998,0.22999999999999995,0.11,0.46,0.58,0.2,0.48,0.49
219,22.0,120.0,M,1.393962,0.79475915,0.3383515,0.13929260000000002,0.4776441,80.44638,79.81975,76.74928,0.27,0.11,0.38,0.54,0.16,0.44,0.49
220,23.0,120.0,M,1.377381,0.7016861000000001,0.3631361,0.1400336000000001,0.5031697,80.90939,82.46384,80.45338000000002,0.2500000000000001,0.11,0.42,0.56,0.2,0.46,0.47
221,24.0,120.0,M,1.11871835,0.727589,0.3451941,0.13327290000000006,0.478467,75.39291,75.40785,70.48326,0.23,0.11,0.4,0.52,0.14,0.42,0.49
222,25.0,120.0,M,1.2389645,0.5078299000000001,0.3522031,0.1542517,0.5064548,79.45904,81.06557,77.2345,0.23,0.08999999999999997,0.4,0.54,0.16,0.42,0.47
223,26.0,120.0,M,1.549566,0.8018894,0.3349554,0.13478779999999996,0.4697432,85.48874,81.0705,79.38476,0.18999999999999995,0.08999999999999997,0.4,0.5,0.14,0.42,0.45
224,27.0,120.0,M,1.055781,0.4777848,0.2613377,0.09670080000000003,0.35803850000000004,77.62959000000002,77.78703,73.08005,0.18999999999999995,0.06999999999999995,0.4,0.52,0.16,0.42,0.43
225,28.0,120.0,M,1.200406,0.7614379499999999,0.3243052,0.12994779999999995,0.454253,84.08910999999998,86.0359,83.71859,0.18999999999999995,0.08999999999999997,0.4,0.5,0.14,0.42,0.45
226,29.0,120.0,M,1.301397,0.6520608,0.3225292,0.12088300000000002,0.4434122,79.23344,79.54793000000002,77.33466,0.17000000000000004,0.07000000000000006,0.38,0.48,0.1,0.4,0.4500000000000001
227,30.0,120.0,M,1.2122915,0.7004642,0.3231413,0.13649239999999999,0.4596337,80.04243000000002,81.47368,79.28546999999998,0.19000000000000009,0.07000000000000006,0.38,0.5,0.14,0.4,0.4300000000000001
228,31.0,120.0,M,1.31575,0.6698472,0.3682991,0.12142460000000001,0.4897237,82.84261,83.20976999999998,80.99175,0.21,0.11,0.38,0.48,0.14,0.4,0.45
229,32.0,120.0,M,1.493435,0.6695455,0.3355798,0.11392430000000005,0.4495041,78.89005999999998,75.86925,74.66985,0.17000000000000004,0.07000000000000006,0.38,0.48,0.12,0.4,0.4300000000000001
230,33.0,120.0,M,1.3430799999999998,0.6264833000000001,0.35002890000000003,0.13273869999999993,0.4827676,76.02019,75.94359,71.6646,0.19000000000000009,0.09000000000000002,0.36,0.46,0.12,0.38,0.4300000000000001
231,34.0,120.0,M,1.212375,0.5455730999999999,0.3196148,0.12151700000000006,0.4411318,78.60106999999998,78.84156999999998,76.0103,0.19,0.07,0.34,0.46,0.1,0.36,0.4300000000000001
232,35.0,120.0,M,1.203337,0.59901565,0.339812,0.1101625,0.4499745,77.83439,78.04205,76.0417,0.21,0.11,0.38,0.48,0.14,0.4,0.45
233,36.0,120.0,M,1.3173180000000002,0.6244028500000001,0.35601059999999995,0.11868270000000004,0.4746933,81.0723,81.08474,78.54273,0.21,0.11,0.38,0.48,0.14,0.4,0.45
234,37.0,120.0,M,1.4749615,0.7429765499999998,0.3584653,0.12785760000000002,0.4863229,83.13964,84.31795,80.2772,0.2500000000000001,0.11000000000000004,0.3,0.44,0.1,0.34,0.4500000000000001
235,38.0,120.0,M,1.090659,0.629185,0.3266768,0.13028190000000012,0.4569587000000001,80.60323000000002,83.32835,81.2729,0.19000000000000009,0.07000000000000006,0.36,0.48,0.12,0.38,0.4300000000000001
236,39.0,120.0,M,1.395232,0.66830185,0.2945123,0.10479579999999994,0.3993081,77.16322,78.96896,77.60589,0.19000000000000009,0.11000000000000004,0.36,0.44,0.1,0.4,0.4500000000000001
237,40.0,120.0,M,1.377838,0.96521,0.3415762,0.14550170000000012,0.4870779000000001,80.65233,80.71848,75.07164,0.17000000000000004,0.07000000000000006,0.4,0.5,0.12,0.42,0.4500000000000001
238,1.0,80.0,L,1.877318,0.91265735,0.6061356999999999,0.2479641,0.8540998,72.24531999999998,73.43298,70.24191,0.31000000000000005,0.1100000000000001,0.5,0.7,0.2,0.54,0.6100000000000001
239,2.0,80.0,L,2.071097,1.021829,0.6780973000000001,0.29045589999999977,0.9685532,74.87534000000002,78.25576,71.86749,0.37,0.13,0.58,0.82,0.28,0.64,0.6699999999999999
240,3.0,80.0,L,1.938015,0.91054895,0.609226,0.33290290000000006,0.9421289,82.13698000000002,83.0234,73.16824,0.41,0.13,0.58,0.86,0.28,0.6,0.71
241,4.0,80.0,L,1.734114,0.9133478,0.6707585,0.3121481999999999,0.9829067,65.07404,69.09470999999999,65.90307,0.30999999999999994,0.11,0.64,0.84,0.26,0.66,0.69
242,5.0,80.0,L,1.697574,0.9307303,0.6894422,0.3336348,1.023077,75.95006,82.92149,76.42599,0.37,0.13,0.66,0.9,0.3,0.68,0.73
243,6.0,80.0,L,1.842811,1.00069065,0.7318859999999999,0.3239170000000001,1.055803,73.38428,80.69604,74.70424,0.41,0.17000000000000004,0.64,0.88,0.28,0.68,0.77
244,7.0,80.0,L,1.592335,0.83965225,0.6327364000000001,0.29120240000000003,0.9239388,74.91561999999998,79.21629,75.45078000000002,0.35,0.13,0.66,0.88,0.3,0.68,0.71
245,8.0,80.0,L,2.062648,0.8688449,0.6489319,0.34471009999999996,0.993642,74.1664,74.48544,69.52067,0.4300000000000001,0.13,0.58,0.88,0.28,0.6,0.73
246,9.0,80.0,L,1.6884150000000002,0.8553026,0.6424524,0.26711820000000003,0.9095706,74.72074,79.94988000000002,74.91311,0.31000000000000005,0.1100000000000001,0.76,0.96,0.4,0.78,0.67
247,10.0,80.0,L,1.896833,0.8789572000000001,0.7176561,0.3197339,1.03739,81.35311,81.90051,79.02254,0.35,0.11,0.62,0.86,0.28,0.66,0.69
248,11.0,80.0,L,2.200054,0.9236619,0.7101135000000001,0.3498954999999999,1.060009,68.93276999999999,73.13828000000002,66.76187,0.4099999999999999,0.11,0.56,0.86,0.26,0.58,0.71
249,12.0,80.0,L,1.9195115000000003,1.004939,0.7060805,0.3093625000000001,1.015443,74.2801,78.57428,74.26165,0.31000000000000005,0.1100000000000001,0.74,0.94,0.36,0.76,0.6900000000000001
250,13.0,80.0,L,2.073662,1.049484,0.6940149999999999,0.3156309999999999,1.0096459999999998,73.48704000000002,75.77837,71.43626,0.39,0.13,0.58,0.84,0.28,0.64,0.69
251,14.0,80.0,L,2.07756,0.94955675,0.7570194,0.3227965999999999,1.079816,74.04729,74.20003,70.66795,0.37,0.13,0.52,0.76,0.18,0.56,0.71
252,15.0,80.0,L,2.326848,0.9866443,0.7407433000000001,0.30512169999999994,1.045865,80.42222,84.63889,79.0079,0.35,0.13,0.6,0.82,0.3,0.64,0.6499999999999999
253,16.0,80.0,L,2.498822,1.164011,0.7637755,0.3541754999999999,1.117951,73.59688,75.75671,71.39157,0.3500000000000001,0.1100000000000001,0.58,0.82,0.28,0.62,0.65
254,17.0,80.0,L,1.903171,1.058013,0.7094874,0.32219159999999997,1.031679,78.33524,81.59903,78.47399,0.31000000000000005,0.11,0.7,0.9,0.32,0.72,0.69
255,18.0,80.0,L,1.829553,0.93370865,0.6687797,0.2573874999999999,0.9261672,75.91816999999998,76.34579000000002,75.1674,0.37,0.13,0.54,0.78,0.2,0.6,0.71
256,19.0,80.0,L,1.7768495,0.9600123,0.6688293000000001,0.2924292999999999,0.9612586,78.305,82.97264,79.65488,0.31000000000000005,0.1100000000000001,0.62,0.82,0.26,0.66,0.67
257,20.0,80.0,L,2.277576,0.99828695,0.6904942,0.2791956000000002,0.9696898000000002,76.64964,82.30103000000003,74.39633,0.35,0.11,0.56,0.8,0.26,0.62,0.65
258,21.0,80.0,L,1.667531,1.047675,0.5700847,0.1950198,0.7651045,68.66234,68.22443,63.33582,0.25,0.11,0.52,0.66,0.2,0.56,0.5700000000000001
259,22.0,80.0,L,2.156674,0.8945228999999999,0.6130725,0.2353626000000001,0.8484351000000001,78.42712,77.8674,75.61910999999998,0.25,0.11,0.6,0.74,0.3,0.62,0.55
260,23.0,80.0,L,1.831668,0.8192495000000001,0.5778808000000001,0.26578759999999996,0.8436684000000001,67.78763000000001,66.04329,58.72804,0.33,0.11,0.5,0.72,0.2,0.54,0.6299999999999999
261,24.0,80.0,L,1.7146830000000002,1.06445,0.5689483,0.2414795000000001,0.8104278,69.59055,68.85472,61.03999,0.25,0.1100000000000001,0.56,0.7,0.2,0.58,0.6100000000000001
262,25.0,80.0,L,2.1744305,1.02048465,0.5981911,0.2417223000000001,0.8399134,71.79576999999998,71.65397,66.02476999999999,0.35,0.13,0.4,0.62,0.16,0.42,0.59
263,26.0,80.0,L,2.059368,0.77669615,0.5825815,0.26531610000000005,0.8478976,71.27043,71.25520999999998,62.9449,0.31,0.13,0.46,0.64,0.18,0.48,0.5900000000000001
264,27.0,80.0,L,1.817338,0.7957632,0.5532655,0.1968042,0.7500697,72.14596999999998,72.24122,68.1403,0.27,0.13,0.46,0.6,0.16,0.48,0.57
265,28.0,80.0,L,1.637205,0.9775128,0.5744994000000001,0.2296858999999999,0.8041853,70.85171,69.86480999999999,64.9454,0.25,0.11,0.5,0.64,0.16,0.52,0.59
266,29.0,80.0,L,1.8251415000000002,0.9802277,0.5000216,0.2347317000000001,0.7347533,72.20105,71.83292,66.71131,0.30999999999999994,0.08999999999999997,0.38,0.6,0.14,0.4,0.5499999999999999
267,30.0,80.0,L,1.450849,1.1540700000000002,0.5338582,0.20512139999999998,0.7389796,74.43226999999997,73.85596,71.42891999999998,0.25,0.11,0.5,0.64,0.16,0.54,0.59
268,31.0,80.0,L,1.891912,0.7431687,0.5374029,0.2458962,0.7832991,82.22912,78.30859,75.26205,0.25,0.08999999999999997,0.48,0.64,0.18,0.5,0.55
269,32.0,80.0,L,1.698853,0.68307225,0.5272498999999999,0.21275140000000012,0.7400013000000001,69.38315,68.87738,65.50216,0.25,0.08999999999999997,0.4,0.56,0.14,0.44,0.51
270,33.0,80.0,L,1.818564,0.7728024,0.5531678000000001,0.21200099999999988,0.7651688,63.24046,63.16217,55.90191,0.30999999999999994,0.11,0.4,0.6,0.12,0.44,0.59
271,34.0,80.0,L,1.946693,0.964036,0.5432808000000001,0.2274141999999999,0.770695,72.40041,71.87691,66.64636,0.30999999999999994,0.08999999999999997,0.38,0.6,0.14,0.4,0.5499999999999999
272,35.0,80.0,L,1.951758,0.6306345,0.5520174,0.1842752,0.7362926,73.60101,71.51042,69.16563000000001,0.25,0.11,0.4,0.54,0.12,0.42,0.53
273,36.0,80.0,L,1.749416,0.8645911500000001,0.6141453,0.2201754,0.8343207,72.41767,68.6956,61.87648000000001,0.25,0.11,0.5,0.64,0.16,0.52,0.59
274,37.0,80.0,L,1.9388470000000002,0.9524547,0.5328921999999999,0.23101590000000005,0.7639081,73.3173,73.01100000000002,70.14674000000001,0.31,0.08999999999999997,0.44,0.66,0.2,0.46,0.55
275,38.0,80.0,L,1.890749,1.02475455,0.5889435000000001,0.22323799999999994,0.8121815,73.77405999999998,73.71049000000002,72.63395,0.31000000000000005,0.11,0.48,0.68,0.22,0.54,0.5700000000000001
276,39.0,80.0,L,1.817685,0.81702325,0.5460951,0.2161420999999999,0.7622372,67.23438,65.84222,60.45179,0.29,0.08999999999999997,0.44,0.64,0.18,0.48,0.55
277,40.0,80.0,L,1.9646305,0.9185627,0.5420748000000001,0.18347489999999989,0.7255497,69.5556,69.31477,68.23599,0.22999999999999995,0.11,0.46,0.58,0.16,0.48,0.5299999999999999
278,1.0,100.0,L,2.234411,0.8379976,0.6787211999999999,0.2953636000000001,0.9740848,75.46266,77.17447,74.37465999999998,0.27,0.08999999999999997,0.42,0.6,0.16,0.46,0.5299999999999999
279,2.0,100.0,L,2.233089,1.128424,0.6967083000000001,0.3111466999999999,1.007855,79.26312,80.27301,77.66587,0.33,0.11,0.46,0.68,0.2,0.52,0.5900000000000001
280,3.0,100.0,L,2.396154,0.9511391,0.7264453000000001,0.28121169999999995,1.007657,80.35197,79.62299,77.71656,0.33,0.11,0.46,0.68,0.2,0.48,0.5900000000000001
281,4.0,100.0,L,1.966992,0.98137615,0.7234508000000001,0.3105151999999999,1.033966,76.49594,75.92600999999998,73.3083,0.29000000000000004,0.11,0.58,0.76,0.22,0.6,0.65
282,5.0,100.0,L,2.255033,0.89850125,0.7210653,0.26962279999999994,0.9906881,74.97756,71.4202,69.17164,0.31000000000000005,0.11,0.48,0.68,0.18,0.52,0.6100000000000001
283,6.0,100.0,L,2.601692,1.27478,0.7491838000000001,0.34941319999999976,1.0985969999999998,75.78056,75.44906,70.68030999999998,0.35,0.11,0.48,0.72,0.22,0.5,0.61
284,7.0,100.0,L,2.3753985,0.8993631,0.7297241,0.3147189,1.044443,80.95264,83.08878,77.38136999999998,0.33,0.11,0.44,0.66,0.16,0.46,0.61
285,8.0,100.0,L,2.896743,0.8683298,0.7839546,0.3151894000000002,1.099144,82.54784000000002,83.29873,77.87965,0.29,0.08999999999999997,0.46,0.66,0.2,0.48,0.55
286,9.0,100.0,L,2.492872,1.09354545,0.7994264,0.3261046000000001,1.125531,80.26025,80.92775999999998,75.47118,0.30999999999999994,0.11,0.4,0.6,0.14,0.44,0.57
287,10.0,100.0,L,2.460093,1.0752769999999998,0.6396849,0.2804973000000001,0.9201822,79.68061999999998,82.17768000000002,75.71574,0.33,0.11,0.36,0.58,0.14,0.38,0.5499999999999999
288,11.0,100.0,L,2.5706555,1.033325,0.7593356,0.3401584,1.099494,75.68715999999998,77.60741999999998,72.62646,0.31000000000000005,0.1100000000000001,0.5,0.7,0.22,0.52,0.5900000000000001
289,12.0,100.0,L,2.09981,1.139457,0.6397265000000001,0.2712670999999999,0.9109936,73.0256,77.41534,73.07538000000002,0.23000000000000004,0.09000000000000008,0.44,0.58,0.14,0.46,0.53
290,13.0,100.0,L,2.454053,1.03154515,0.6971588000000001,0.28638529999999984,0.9835441,82.67553000000002,82.56161,80.84166,0.23,0.08999999999999997,0.52,0.66,0.22,0.54,0.53
291,14.0,100.0,L,2.43725,1.144609,0.7042109000000001,0.3191550999999999,1.023366,73.46087,76.26584,71.83041,0.35000000000000003,0.1100000000000001,0.46,0.7,0.2,0.48,0.6100000000000001
292,15.0,100.0,L,2.389508,0.7756945,0.6454404,0.2835152999999999,0.9289557,71.24492,72.96424,71.03328,0.24999999999999994,0.06999999999999995,0.44,0.62,0.18,0.46,0.51
293,16.0,100.0,L,2.420175,1.00477245,0.6389361,0.2498473000000001,0.8887834000000001,69.89046,70.26859,68.11086,0.31,0.08999999999999997,0.44,0.66,0.2,0.46,0.55
294,17.0,100.0,L,2.3905925,1.367665,0.7350875,0.3200875,1.055175,74.56909,74.72684,72.80015999999998,0.27,0.09000000000000008,0.52,0.7,0.22,0.56,0.5700000000000001
295,18.0,100.0,L,2.361663,1.105341,0.701218,0.2724450999999999,0.9736631,74.68324,76.63644000000002,73.98058,0.33,0.11,0.4,0.62,0.14,0.46,0.59
296,19.0,100.0,L,2.049538,0.8969424000000001,0.6900501,0.27745869999999995,0.9675088,65.55093000000001,66.08261999999999,61.34691,0.25,0.08999999999999997,0.48,0.64,0.14,0.5,0.59
297,20.0,100.0,L,2.238407,0.9013879,0.7201398,0.2938982,1.014038,70.12236,70.56846999999998,65.84543000000001,0.25,0.08999999999999997,0.48,0.64,0.18,0.5,0.55
298,21.0,100.0,L,1.698162,0.90957855,0.5802223000000001,0.2267005,0.8069228,81.15363,79.44258,77.46880999999998,0.25,0.11,0.48,0.62,0.14,0.5,0.59
299,22.0,100.0,L,1.7791815,0.8076865,0.5129805000000001,0.2083759999999999,0.7213565,82.25159000000002,82.37033000000002,78.05906,0.25,0.11,0.48,0.62,0.18,0.5,0.55
300,23.0,100.0,L,1.7728389999999998,0.6362468000000001,0.5095638,0.185168,0.6947318,76.91631,76.51786,74.23572,0.25,0.11,0.48,0.62,0.2,0.5,0.53
301,24.0,100.0,L,1.575315,1.0517546,0.5138263,0.2102617000000001,0.7240880000000001,73.9999,73.94859,64.86395999999999,0.27,0.11,0.44,0.6,0.14,0.48,0.57
302,25.0,100.0,L,1.680506,0.76967775,0.491828,0.21472240000000006,0.7065504,79.66252,79.55846,74.57661,0.30999999999999994,0.11,0.4,0.6,0.14,0.44,0.57
303,26.0,100.0,L,1.7378634999999998,0.9354346,0.4860938,0.223163,0.7092568,77.66344000000002,78.08331,72.60280999999998,0.30999999999999994,0.11,0.4,0.6,0.16,0.42,0.5499999999999999
304,27.0,100.0,L,1.7749419999999998,0.8742584999999999,0.4616332,0.15794129999999998,0.6195745,71.96928,71.82471,66.68025,0.24999999999999994,0.1299999999999999,0.44,0.56,0.16,0.46,0.5299999999999999
305,28.0,100.0,L,1.632243,0.5864501,0.4405416,0.1615129,0.6020545,69.66183000000001,69.86017,64.81363,0.25,0.11,0.38,0.52,0.12,0.4,0.51
306,29.0,100.0,L,1.602826,0.8544356,0.4670193,0.1978067,0.664826,81.22381999999998,78.28687,73.50375,0.25,0.11,0.54,0.68,0.24,0.56,0.55
307,30.0,100.0,L,1.550662,0.741312,0.4736899000000001,0.20182219999999995,0.6755121000000001,73.90437,73.57571999999998,67.83118,0.23,0.08999999999999997,0.48,0.62,0.22,0.5,0.49
308,31.0,100.0,L,1.484662,0.8159257,0.4461669,0.16522450000000005,0.6113914,71.0815,71.12991,67.82072,0.22999999999999995,0.11,0.46,0.58,0.2,0.48,0.49
309,32.0,100.0,L,1.7892185,1.078785,0.4236004,0.20717870000000005,0.6307791,80.12592,75.1059,69.58397,0.27,0.07000000000000006,0.38,0.58,0.18,0.4,0.47
310,33.0,100.0,L,1.446581,0.5540248000000001,0.4593196,0.2053711,0.6646907,73.9623,74.16388,67.19476,0.27,0.11,0.4,0.56,0.12,0.42,0.55
311,34.0,100.0,L,1.3322615,0.97479265,0.4223634,0.14932550000000006,0.5716889,69.96387,68.10327,64.271,0.23,0.13,0.5,0.6,0.14,0.52,0.59
312,35.0,100.0,L,1.499347,0.74132815,0.4406152,0.1728455,0.6134607,75.164,75.34505,71.01083,0.27,0.13,0.44,0.58,0.18,0.46,0.53
313,36.0,100.0,L,1.597858,0.9499996999999999,0.4584475000000001,0.20450869999999988,0.6629562,69.13364,69.56282,62.07471,0.31,0.11,0.46,0.66,0.2,0.52,0.5700000000000001
314,37.0,100.0,L,1.703468,0.8577870999999999,0.42693,0.16055359999999985,0.5874835999999999,73.97867,74.24764,69.68949,0.25,0.13,0.48,0.6,0.18,0.5,0.55
315,38.0,100.0,L,1.429836,0.4682675,0.4195937,0.18296339999999994,0.6025571,71.13509,72.32642,68.34940999999999,0.27,0.11,0.4,0.56,0.14,0.42,0.53
316,39.0,100.0,L,1.55613,0.93724955,0.4616955,0.2220781,0.6837736,67.03421999999999,68.00529,61.86299,0.33,0.11,0.36,0.58,0.1,0.38,0.59
317,40.0,100.0,L,1.521963,0.7264518499999999,0.444811,0.19981880000000007,0.6446298,71.15276,72.19256999999998,67.18074,0.31,0.11,0.44,0.64,0.18,0.48,0.5700000000000001
318,1.0,120.0,L,2.4686615,1.5087700000000002,0.6880403,0.27634419999999993,0.9643845,75.22511,76.76697,73.97439,0.21,0.08999999999999997,0.38,0.5,0.1,0.4,0.49
319,2.0,120.0,L,2.685107,1.0964315,0.8007088000000001,0.3071721999999998,1.107881,76.19769000000002,79.87914,77.76231999999997,0.23,0.08999999999999997,0.38,0.52,0.12,0.4,0.49
320,3.0,120.0,L,2.7616445,0.9950631,0.8031955,0.33875750000000004,1.141953,80.99831,84.4528,80.34163000000002,0.27,0.08999999999999997,0.36,0.54,0.12,0.38,0.51
321,4.0,120.0,L,2.7779130000000003,1.1770969999999998,0.8030712,0.29713480000000003,1.100206,84.38871999999998,87.18859,83.03474,0.30999999999999994,0.11,0.38,0.58,0.14,0.42,0.5499999999999999
322,5.0,120.0,L,2.3802220000000003,0.8213234500000001,0.6936813000000001,0.3179477000000001,1.011629,79.66666,79.3647,75.6806,0.25,0.07000000000000006,0.4,0.58,0.14,0.42,0.51
323,6.0,120.0,L,2.719576,1.267136,0.7248584,0.3142575999999999,1.039116,80.14461999999997,81.35899,78.0622,0.23000000000000004,0.09000000000000008,0.44,0.58,0.16,0.46,0.51
324,7.0,120.0,L,2.3892785,1.1381655000000002,0.6931921,0.29211479999999995,0.9853069,69.42255,70.09111,67.55449,0.2700000000000001,0.07000000000000006,0.3,0.5,0.06,0.36,0.51
325,8.0,120.0,L,2.762471,1.316053,0.7322104,0.3250565999999999,1.057267,73.45879000000002,71.29446999999998,68.71223,0.22999999999999995,0.08999999999999997,0.46,0.6,0.18,0.48,0.51
326,9.0,120.0,L,2.3788240000000003,1.1959879999999998,0.5773156,0.23358270000000006,0.8108983000000001,78.79434,79.844,77.07384,0.18999999999999995,0.06999999999999995,0.4,0.52,0.16,0.42,0.43
327,10.0,120.0,L,2.015035,0.95522565,0.6589626000000001,0.26686849999999995,0.9258311,72.88096,74.50842,72.53113,0.23,0.08999999999999997,0.36,0.5,0.1,0.38,0.49
328,11.0,120.0,L,2.020251,0.6504415,0.6309989,0.2727027999999999,0.9037017,75.44312,74.5196,69.29015,0.25,0.08999999999999997,0.38,0.54,0.12,0.4,0.51
329,12.0,120.0,L,2.496389,1.139467,0.6703988000000001,0.2235039,0.8939027,77.92863,75.34904,73.67891999999998,0.21,0.08999999999999997,0.48,0.6,0.2,0.5,0.49
330,13.0,120.0,L,2.335086,1.159936,0.6446085,0.2217931999999999,0.8664016999999999,74.3703,74.76353,72.55915,0.21,0.09000000000000008,0.46,0.58,0.18,0.48,0.4900000000000001
331,14.0,120.0,L,2.428925,1.177449,0.571237,0.2436643000000001,0.8149013,71.42389,72.06307,70.06339,0.27,0.07000000000000006,0.38,0.58,0.18,0.4,0.47
332,15.0,120.0,L,2.46128,1.0088609,0.6670169,0.2514257999999999,0.9184427,73.61514,72.64356,70.98199,0.23,0.08999999999999997,0.4,0.54,0.12,0.42,0.51
333,16.0,120.0,L,2.0837765,0.7398018,0.5161135,0.2128762,0.7289897,68.26169,72.4188,69.65182,0.23,0.08999999999999997,0.36,0.5,0.12,0.38,0.47
334,17.0,120.0,L,2.379578,1.221799,0.5641811,0.19240790000000008,0.7565890000000001,66.63264000000001,68.29986,67.1398,0.17000000000000004,0.07000000000000006,0.38,0.48,0.12,0.4,0.4300000000000001
335,18.0,120.0,L,2.260694,0.975611,0.5640841,0.20226270000000013,0.7663468000000001,78.67463000000002,85.55955,80.00808,0.21,0.08999999999999997,0.38,0.5,0.14,0.4,0.45
336,19.0,120.0,L,2.3322205,0.9221424,0.5469519,0.19794390000000006,0.7448958000000001,82.87745,80.1515,75.90688,0.23,0.08999999999999997,0.36,0.5,0.16,0.4,0.43
337,20.0,120.0,L,2.400057,1.222888,0.6545629,0.2269374000000001,0.8815003,76.98231,80.10933,78.0436,0.23,0.11,0.38,0.5,0.1,0.4,0.51
338,21.0,120.0,L,1.6667074999999998,0.90813585,0.4556913,0.19651120000000005,0.6522025,72.05055,71.78086,68.71285,0.21,0.06999999999999995,0.42,0.56,0.16,0.44,0.47
339,22.0,120.0,L,1.522026,0.6212674,0.4809991,0.21256999999999995,0.6935690999999999,72.99361,74.71485,72.28113,0.23,0.08999999999999997,0.4,0.54,0.12,0.42,0.51
340,23.0,120.0,L,1.8810435,0.69409805,0.5005701,0.21015509999999996,0.7107252,80.24847,78.91395,76.09515,0.23,0.08999999999999997,0.36,0.5,0.12,0.38,0.47
341,24.0,120.0,L,2.021903,0.8027783500000001,0.4646837,0.20800430000000006,0.6726880000000001,84.94751,85.13297,82.18476,0.24999999999999994,0.08999999999999997,0.34,0.5,0.14,0.38,0.45
342,25.0,120.0,L,1.7867675000000005,0.9002114999999999,0.4768178,0.1835459,0.6603637,78.05019,78.61147,75.24961,0.21000000000000008,0.09000000000000008,0.36,0.48,0.12,0.38,0.4500000000000001
343,26.0,120.0,L,1.7529400000000002,1.118226,0.4951925999999999,0.21540860000000003,0.7106011999999999,83.97981999999998,84.92648,81.55105,0.21,0.08999999999999997,0.38,0.5,0.12,0.4,0.47
344,27.0,120.0,L,1.6944485,0.8688434000000002,0.4519645000000001,0.17467579999999994,0.6266403,79.94386,80.07869000000002,77.24384,0.21,0.08999999999999997,0.38,0.5,0.14,0.4,0.45
345,28.0,120.0,L,2.037897,1.1282705,0.4625573,0.2229965000000001,0.6855538000000001,80.06819,81.57305,78.87794,0.27,0.09000000000000002,0.26,0.44,0.08,0.28,0.45
346,29.0,120.0,L,1.83841,1.050531,0.4696135,0.2008139,0.6704274,80.55033,82.72703,79.49784,0.18999999999999995,0.06999999999999995,0.4,0.52,0.14,0.42,0.45
347,30.0,120.0,L,1.9321295,0.7084451,0.4234218,0.13794720000000005,0.561369,85.21059,87.31681,86.13969,0.19,0.09000000000000002,0.34,0.44,0.14,0.36,0.39
348,31.0,120.0,L,2.009338,0.6667115000000001,0.3923454,0.13515079999999996,0.5274962,81.13043,80.69377,76.63011999999998,0.21,0.09000000000000002,0.3,0.42,0.12,0.34,0.39
349,32.0,120.0,L,1.741141,1.1081947,0.424558,0.16769730000000005,0.5922553,78.10967,78.03912,73.78586,0.17000000000000004,0.07000000000000006,0.38,0.48,0.12,0.4,0.4300000000000001
350,33.0,120.0,L,1.974365,0.756269,0.4157998,0.15310310000000016,0.5689029000000001,79.85789,79.9638,78.35423,0.23000000000000004,0.09000000000000002,0.3,0.44,0.12,0.32,0.41
351,34.0,120.0,L,2.204129,0.8931496999999999,0.4929422000000001,0.22445789999999988,0.7174001,83.69503,86.94694,79.06933000000002,0.2500000000000001,0.07000000000000006,0.3,0.48,0.12,0.32,0.4300000000000001
352,35.0,120.0,L,2.304562,0.9358030999999999,0.4856215,0.220459,0.7060805,85.39317,86.75068,83.24632,0.2500000000000001,0.09000000000000002,0.3,0.46,0.12,0.32,0.4300000000000001
353,36.0,120.0,L,1.750795,0.9367147,0.4800651,0.18309840000000005,0.6631635,83.65932,84.52904000000002,80.30898,0.21,0.08999999999999997,0.4,0.52,0.12,0.42,0.49
354,37.0,120.0,L,1.814318,1.0163506,0.442439,0.18404940000000006,0.6264884000000001,85.55882,85.94905,81.42393,0.2700000000000001,0.09000000000000008,0.3,0.48,0.12,0.32,0.4500000000000001
355,38.0,120.0,L,1.6402855,0.9738078,0.4504666,0.15741390000000005,0.6078805,76.49037,76.27718,72.8945,0.16999999999999998,0.06999999999999995,0.3,0.4,0.04,0.32,0.43
356,39.0,120.0,L,1.812362,0.6292492,0.3846636,0.14753480000000008,0.5321984000000001,84.92396,87.01659000000002,83.65711999999998,0.23000000000000004,0.09000000000000002,0.3,0.44,0.12,0.32,0.41
357,40.0,120.0,L,1.800795,0.9152801,0.445,0.17519379999999998,0.6201938,78.27067,79.83063,78.26501,0.21,0.07,0.32,0.46,0.08,0.36,0.45
