,Trial,BPM,GestureSize,MedianVelocityRegionOne,MedianVelocityRegionTwo,MeanVelocityRegionOne,MeanVelocityRegionTwo,RegionOneDistance,RegionTwoDistance,TotalRegionDistance,MaxAngleRegionOne,MaxAngleRegionTwo,MinAngleRegionTwo,MedianVelocityYRegionOne,MedianVelocityYRegionTwo,MeanVelocityYRegionOne,MeanVelocityYRegionTwo,TimeEndRegionOne,TimeEndRegionTwo,TimeStartRegionTwo,TimeDifferenceBetweenCollisions
0,1.0,80.0,S,1.0805,0.6071095999999999,0.5777103487499999,0.5777103487499999,0.3302,0.13713980000000006,0.4673398,67.87199,69.45491,67.03144,0.9909015,-0.5254265,0.8226561933333333,-0.4987065458750001,0.34,0.48,0.36,82.19178082191782
1,2.0,80.0,S,0.9591283000000002,0.5662216999999999,0.4930629711111112,0.4930629711111112,0.31473290000000004,0.12790499999999996,0.4426379,69.85531999999999,70.92043000000002,66.94464,0.8597884500000001,-0.4884483,0.7280751024999998,-0.383677527,0.34,0.5,0.36,84.50704225352112
2,3.0,80.0,S,1.0775208,0.6532759000000001,0.576459255,0.576459255,0.3723168,0.1609928,0.5333095999999999,68.08369,67.91116,61.58102,0.93468055,-0.58622945,0.8493934999999999,-0.4986923689999999,0.36,0.5599999999999999,0.38,75.9493670886076
3,4.0,80.0,S,1.1405835,0.5097696,0.5633312444444444,0.5633312444444444,0.32210570000000005,0.15352879999999994,0.4756345,75.15100000000002,77.1943,75.72021,1.03064355,-0.4549518,0.8910749857142858,-0.5033713988888889,0.32000000000000006,0.48,0.33999999999999997,84.50704225352112
4,5.0,80.0,S,1.131928,0.5307626,0.5881671188888888,0.5881671188888888,0.3532903,0.15923649999999995,0.5125268,71.39948000000003,71.43021999999998,65.42288,1.078234,-0.4659891,0.8630988933333335,-0.5097976066666666,0.33999999999999997,0.5,0.36,81.08108108108108
5,6.0,80.0,S,1.0545716,0.6468519,0.62474743,0.62474743,0.3784805,0.15129760000000006,0.5297781,68.97768,68.98109000000001,63.35981,0.9626153000000001,-0.5942459,0.8932810474999999,-0.5807795,0.38,0.52,0.4,78.94736842105263
6,7.0,80.0,S,1.065533,0.686721,0.6394606666666667,0.6394606666666667,0.3643905,0.15361779999999994,0.5180083,71.99378,72.95826,69.6646,0.9919631,-0.6301249,0.9436238066666666,-0.4955016666666666,0.3,0.52,0.36000000000000004,81.08108108108108
7,8.0,80.0,S,1.1420815000000002,0.6843935,0.6721862355555556,0.6721862355555556,0.3569272,0.15756009999999998,0.5144873,69.70382,70.11354,64.22867,1.036439,-0.6276236999999999,0.9945981,-0.5031442133333334,0.28,0.5,0.33999999999999997,83.33333333333334
8,9.0,80.0,S,1.281573,0.7263056999999999,0.7003375900000001,0.7003375900000001,0.4038373,0.19476079999999998,0.5985981,71.18315,71.30025,65.47829,1.1430924999999998,-0.6389865,1.1031334142857143,-0.4516780581818182,0.28,0.52,0.30000000000000004,75.0
9,10.0,80.0,S,1.253284,0.6060726,0.645560293,0.645560293,0.4214626,0.18874929999999998,0.6102119,70.62938,71.39008000000003,66.58221999999999,1.152874,-0.5271272,0.9809990588235292,-0.5295334589999999,0.34,0.52,0.36000000000000004,78.94736842105263
10,11.0,80.0,S,1.204255,0.52884735,0.562841435,0.562841435,0.372937,0.14615310000000006,0.5190901,71.16964,71.2316,66.22965,1.146075,-0.4889902,0.9176568866666666,-0.49856181899999996,0.33999999999999997,0.52,0.36,78.94736842105263
11,12.0,80.0,S,1.139921,0.4980633,0.5724125625,0.5724125625,0.34324990000000005,0.14244130000000005,0.4856912000000001,71.46121,72.87393,67.51099,0.9118195,-0.38976859999999997,0.9479840153846154,-0.4060442950000001,0.28,0.44000000000000006,0.32000000000000006,88.23529411764706
12,13.0,80.0,S,0.9949524,0.6997072,0.658693275,0.658693275,0.3395455,0.15046919999999994,0.4900147,71.95869,72.26578,66.45079,0.9155338,-0.6426947,0.8070714146666665,-0.6122289375,0.39999999999999997,0.54,0.42,77.92207792207792
13,14.0,80.0,S,0.8666347,0.6466115,0.5870170666666668,0.5870170666666668,0.3106883,0.14092190000000002,0.4516102,72.15496,72.12096,63.18864,0.80183725,-0.6154723000000001,0.7250566562500002,-0.4950748222222222,0.33999999999999997,0.5599999999999999,0.4,74.07407407407408
14,15.0,80.0,S,1.06132895,0.5913139000000001,0.59412754,0.59412754,0.3147257,0.1485687000000001,0.4632944000000001,77.74814,75.31535,70.41301999999997,0.9868747999999999,-0.5583451500000001,0.8487914435714288,-0.48984527,0.30000000000000004,0.52,0.36,78.94736842105263
15,16.0,80.0,S,1.031303,0.6231211,0.6565907222222224,0.6565907222222224,0.3419761,0.14710949999999995,0.4890856,79.73772,79.91738000000002,75.31829,0.9024853,-0.6046876999999999,0.8714710626666666,-0.6391413555555556,0.38,0.54,0.4,78.94736842105263
16,17.0,80.0,S,0.92155565,0.6301475000000001,0.5991545888888888,0.5991545888888888,0.3318799000000001,0.1458853999999999,0.4777653,72.14237,72.89596999999998,69.06057,0.8488409,-0.5765036,0.7504841525,-0.4805740000000001,0.33999999999999997,0.5599999999999999,0.4,76.92307692307692
17,18.0,80.0,S,0.99585095,0.6316029000000001,0.5479687977777777,0.5479687977777777,0.3510259,0.14109480000000002,0.4921207,71.80474,71.91578,68.8336,0.8985470999999999,-0.5716011999999999,0.8723413249999998,-0.47636928,0.36,0.52,0.38,78.94736842105263
18,19.0,80.0,S,0.9501287,0.5971661,0.5404091222222223,0.5404091222222223,0.30611009999999994,0.13542020000000005,0.4415303,73.67401,75.08176999999998,71.93191999999998,0.8497884,-0.5427526,0.8026058357142857,-0.4726304088888889,0.34,0.52,0.36,83.33333333333334
19,20.0,80.0,S,0.95206215,0.5374291500000001,0.552724714,0.552724714,0.3403763,0.14191860000000006,0.4822949,70.11089,70.68536999999998,65.53856,0.8581312000000001,-0.4833593,0.7549335125,-0.440058401,0.34,0.54,0.38,78.94736842105263
20,21.0,80.0,S,0.9772663,0.3971671,0.5007974857142857,0.5007974857142857,0.2942499,0.1120453,0.4062952,70.54847,71.93755,69.21736999999999,0.8608434000000001,-0.3171271,0.8783088923076925,-0.3398647885714286,0.26,0.39999999999999997,0.3,100.0
21,22.0,80.0,S,1.0022950000000002,0.4968399000000001,0.515342755,0.515342755,0.2930697,0.13079849999999998,0.4238682,71.8539,73.33458,70.8541,0.8686193000000001,-0.434212,0.8188322615384618,-0.404293864125,0.28,0.42,0.3,100.0
22,23.0,80.0,S,1.00347,0.5315455,0.5211625375,0.5211625375,0.28216729999999995,0.12937540000000006,0.4115427,77.95411,80.68633,77.70767,0.9174997,-0.481787,0.8656369,-0.44196136875,0.28,0.41999999999999993,0.30000000000000004,96.77419354838709
23,24.0,80.0,S,0.96666,0.6823357,0.5979867,0.5979867,0.27951,0.12348200000000005,0.402992,78.52991999999998,80.69541,79.60388,0.9330976,-0.6555261,0.7978089538461538,-0.5669805142857143,0.33999999999999997,0.45999999999999996,0.36,90.9090909090909
24,25.0,80.0,S,0.9864243,0.604889,0.5046596571428571,0.5046596571428571,0.2723493,0.1109506,0.3832999,80.80404,75.64229,73.6918,0.9066843,-0.5281732,0.7685358076923078,-0.4158781171428571,0.30000000000000004,0.41999999999999993,0.31999999999999995,96.77419354838709
25,26.0,80.0,S,0.9240062,0.4529527,0.5073857375,0.5073857375,0.2833279,0.12948719999999994,0.4128151,71.37183,72.42574,67.5313,0.8916371999999999,-0.30655140000000003,0.82989526,-0.34024786875,0.26,0.42000000000000004,0.3,100.0
26,27.0,80.0,S,1.131369,0.6330835,0.595520375,0.595520375,0.315386,0.1481676,0.4635536,76.95954,81.73026,78.15295,1.061303,-0.5638628000000001,0.8834124138461539,-0.5131412225,0.30000000000000004,0.43999999999999995,0.31999999999999995,96.77419354838709
27,28.0,80.0,S,0.9179787,0.4420786,0.5351949,0.5351949,0.27808,0.11802400000000003,0.396104,76.89244000000002,78.65977,75.85452,0.8697984000000001,-0.3904042,0.8669050916666668,-0.4049684142857143,0.26,0.39999999999999997,0.3,96.77419354838709
28,29.0,80.0,S,0.73262585,0.4972412000000001,0.5350226666666666,0.5350226666666666,0.2284459,0.10658280000000003,0.3350287,76.49643,77.20119,71.96552,0.68746095,-0.46955095,0.6784819333333334,-0.3919728,0.26,0.42000000000000004,0.32,100.0
29,30.0,80.0,S,0.8361951999999999,0.4742837,0.5088491666666667,0.5088491666666667,0.2856006,0.13297369999999994,0.4185743,73.12739,74.28556,68.49441,0.7940944000000001,-0.4238149000000001,0.7816130223076925,-0.3848747588888889,0.28,0.46,0.32,88.23529411764706
30,31.0,80.0,S,0.7943633000000001,0.4763846,0.3993551428571428,0.3993551428571428,0.2302635,0.08936879999999997,0.3196323,79.64876,79.89737,75.37826,0.7344878,-0.4635206,0.7211061750000001,-0.35010945714285713,0.28,0.39999999999999997,0.3,100.0
31,32.0,80.0,S,0.9220046999999999,0.5798736,0.5001220142857143,0.5001220142857143,0.2625386,0.10369639999999997,0.366235,76.81494,77.86904,76.44333,0.8811319000000001,-0.5367455,0.71180155,-0.4537959714285714,0.34,0.45999999999999996,0.36,85.71428571428572
32,33.0,80.0,S,0.9515731,0.6180365,0.5119137514285714,0.5119137514285714,0.2419057000000001,0.10687969999999992,0.3487854,76.22479,77.39246,74.44161,0.8905774999999999,-0.584859,0.7388774575,-0.4786085614285714,0.3,0.42,0.32,103.44827586206895
33,34.0,80.0,S,0.919812,0.6403205999999999,0.5723571375,0.5723571375,0.2596422,0.11734440000000003,0.3769866,77.2402,77.65415,70.77595,0.8872680500000001,-0.5697279000000001,0.8004597166666668,-0.40112413375,0.24000000000000002,0.44000000000000006,0.30000000000000004,93.75
34,35.0,80.0,S,0.99648995,0.7081435,0.6090668800000001,0.6090668800000001,0.2762066,0.12377750000000005,0.3999841,75.43722,75.76661,70.3477,0.94320385,-0.6810895,0.8533761833333333,-0.5860328042857142,0.30000000000000004,0.43999999999999995,0.33999999999999997,96.77419354838709
35,36.0,80.0,S,0.9429286,0.5690156999999999,0.5777346000000001,0.5777346000000001,0.28585320000000003,0.1227163,0.4085695,73.48909,73.37751,63.97155,0.9026247,-0.5535638,0.838756557692308,-0.4313385571428571,0.26,0.44000000000000006,0.32,100.0
36,37.0,80.0,S,0.8890099,0.46729709999999997,0.504960225,0.504960225,0.2751325,0.12271369999999998,0.3978462,74.95906,75.70433,70.21124,0.86326,-0.4273166000000001,0.8308967538461538,-0.450657465,0.3,0.43999999999999995,0.32,93.75
37,38.0,80.0,S,0.9762521,0.6186359499999999,0.5389029999999999,0.5389029999999999,0.2436518,0.09237779999999997,0.3360296,77.25126999999998,79.25715,78.12387,0.910564,-0.5953820999999999,0.8105512600000001,-0.5153826166666666,0.3,0.39999999999999997,0.32,100.0
38,39.0,80.0,S,1.0045110000000002,0.4943858,0.4809581875,0.4809581875,0.26986409999999994,0.11920560000000008,0.3890697,76.11294000000002,76.1962,71.69699,0.9338955,-0.4659715,0.7750567615384616,-0.4316482625,0.3,0.44,0.32,96.77419354838709
39,40.0,80.0,S,1.04361,0.5168369,0.4757051816666667,0.4757051816666667,0.2495722,0.093391,0.3429632,78.3678,78.50726999999998,76.11907,0.9732016,-0.4887745,0.8499307727272728,-0.4491224283333333,0.28,0.38,0.30000000000000004,103.44827586206895
40,1.0,100.0,S,1.133827,0.4012046,0.5519326714285714,0.5519326714285714,0.3328407,0.1237061,0.4565468,69.73721,71.36001999999998,68.70116999999999,1.020831,-0.3283341,0.9496417076923078,-0.39266602428571423,0.26,0.39999999999999997,0.3,107.14285714285715
41,2.0,100.0,S,1.25128,0.5480163,0.6374024222222222,0.6374024222222222,0.3685446,0.1661629,0.5347075,67.85178,68.41255,61.77036999999999,0.9932165999999999,-0.4463033,0.9945239285714284,-0.4936271533333334,0.27999999999999997,0.43999999999999995,0.3,96.77419354838713
42,3.0,100.0,S,1.3015845,0.6751845999999999,0.6730555333333332,0.6730555333333332,0.353691,0.15965759999999996,0.5133485999999999,71.5163,74.70515,71.91444,1.1368520000000002,-0.5863262,1.0316518250000002,-0.4494074222222222,0.24,0.44,0.27999999999999997,100.0
43,5.0,100.0,S,1.397207,0.6786937000000001,0.6925804875000001,0.6925804875000001,0.3873751,0.16738540000000002,0.5547605,68.37245,68.63251,58.51601,1.102058,-0.60423375,1.06094669,-0.63408578,0.3,0.44,0.32,107.14285714285714
44,6.0,100.0,S,1.380235,0.7453701,0.8136993,0.8136993,0.4369880999999999,0.16373300000000002,0.6007210999999999,75.23575,77.54868,76.37482,1.309168,-0.6050901,1.1873109714285712,-0.685064817142857,0.31999999999999995,0.43999999999999995,0.33999999999999997,90.90909090909092
45,7.0,100.0,S,1.5046815,0.8350224,0.74942613,0.74942613,0.4133848,0.1663447,0.5797295,71.86671,73.17517,69.94771999999999,1.359237,-0.5024708999999999,1.2720484666666667,-0.3694709388888889,0.24,0.44000000000000006,0.26,96.77419354838709
46,8.0,100.0,S,1.441802,0.5164809,0.6414309625,0.6414309625,0.3857735,0.15958499999999998,0.5453585,70.75758,71.80068,68.22424000000001,1.238134,-0.4321886,1.2338590666666664,-0.4267210875,0.24,0.38,0.26,111.11111111111109
47,9.0,100.0,S,1.4104709999999998,0.7857956,0.7504039650000001,0.7504039650000001,0.4067056,0.18411080000000007,0.5908164,71.8925,73.32859,69.65899999999999,1.32214,-0.6782821,1.1571954692307689,-0.6614857201250001,0.30000000000000004,0.44000000000000006,0.31999999999999995,93.75
48,10.0,100.0,S,1.422995,0.5760679,0.58749628,0.58749628,0.4060115,0.1478718000000001,0.5538833000000001,69.44069,70.46228,67.93449,1.0739530000000002,-0.4831221,1.0603403346153846,-0.45025578175,0.28,0.42000000000000004,0.30000000000000004,103.44827586206895
49,11.0,100.0,S,1.399711,0.5706515,0.6475663625000001,0.6475663625000001,0.396982,0.1638966,0.5608786,71.12623,71.96734000000002,67.83936,1.252343,-0.44822155,1.1607627230769229,-0.4761182525,0.26,0.42,0.3,100.0
50,12.0,100.0,S,1.200952,0.5518111,0.6233661125,0.6233661125,0.3474123,0.14738929999999995,0.4948016,75.05818000000002,76.99521999999997,73.29916,1.062076,-0.48722035,0.9909952461538459,-0.495139975,0.26,0.42,0.3,103.44827586206895
51,13.0,100.0,S,1.112774,0.7569296,0.6235508457142858,0.6235508457142858,0.28835429999999995,0.12717270000000008,0.415527,83.13773,80.73843000000002,79.18165,1.00690825,-0.7035999,0.9745291083333336,-0.5701732914285713,0.26,0.4,0.30000000000000004,100.0
52,14.0,100.0,S,1.144114,0.7871361,0.6765062857142857,0.6765062857142857,0.3545494,0.1347276,0.489277,72.16594,73.12379,70.18890999999999,1.085931,-0.7246123999999999,0.9224183585714286,-0.6171870242857143,0.33999999999999997,0.4600000000000001,0.36,96.77419354838713
53,15.0,100.0,S,0.977424,0.3799024,0.44282835,0.44282835,0.2824355,0.11158459999999998,0.3940201,76.08184,78.81831,76.99467,0.9226134,-0.2978923,0.8626677769230766,-0.27725064,0.26,0.4,0.28,100.0
54,16.0,100.0,S,1.095905,0.6005189999999999,0.52873898,0.52873898,0.3130507,0.116081,0.4291317,77.39331999999997,79.15295,78.00248,1.0025540000000002,-0.5411739000000001,0.9177771769230768,-0.4200958942857143,0.28,0.4,0.30000000000000004,100.0
55,17.0,100.0,S,1.113708,0.6722913,0.6009670500000001,0.6009670500000001,0.2921061,0.11851050000000002,0.4106166,82.6936,84.4127,83.43513,1.086667,-0.6416837,0.9930256333333336,-0.5545700728571429,0.26,0.4,0.3,100.0
56,18.0,100.0,S,0.9086254,0.6878738,0.5832668571428572,0.5832668571428572,0.28730029999999995,0.12689520000000004,0.4141955,79.00057,80.29483,78.44798,0.8180862499999999,-0.6507805999999999,0.8228512225000001,-0.5181726,0.28,0.4,0.30000000000000004,111.11111111111113
57,19.0,100.0,S,1.0313290000000002,0.5911021,0.5589791000000001,0.5589791000000001,0.2854331,0.11246830000000002,0.3979014,78.20255999999998,80.06995,77.09744,0.9300737,-0.5458835,0.8689117363636363,-0.3717585900000001,0.24000000000000002,0.38,0.28,103.44827586206895
58,20.0,100.0,S,1.08112,0.6604229,0.5896539733333334,0.5896539733333334,0.2893524,0.11899550000000005,0.4083479,83.52977,82.00184,80.01696,1.033651,-0.61590115,0.9679921999999999,-0.5413194061666666,0.26,0.38000000000000006,0.3,107.14285714285714
59,21.0,100.0,S,0.7052208999999999,0.336501,0.3883628142857143,0.3883628142857143,0.2125712,0.08474780000000001,0.297319,76.39529,77.86548,75.23177,0.6907615,-0.2968318,0.6425085054545455,-0.28292125714285715,0.24,0.38,0.27999999999999997,111.11111111111109
60,22.0,100.0,S,0.8468897500000001,0.4717838,0.43400149125,0.43400149125,0.2271005,0.09848729999999996,0.3255878,84.06213000000002,82.10403000000002,80.68288000000003,0.8102551499999999,-0.4450916,0.778442725,-0.38873419375,0.26,0.42,0.3,93.75
61,23.0,100.0,S,0.9069993,0.34375009999999995,0.4217954588888889,0.4217954588888889,0.2550871,0.11372549999999998,0.3688126,77.19881,77.94051,71.81837,0.8312284,-0.3055961,0.7566641307692308,-0.33008328666666664,0.28,0.43999999999999995,0.30000000000000004,96.77419354838709
62,24.0,100.0,S,0.9925382,0.5323512,0.4572948828571429,0.4572948828571429,0.25833110000000004,0.09732589999999997,0.355657,77.77741,77.85381,74.75388000000002,0.8708456,-0.5022886,0.7762638249999999,-0.40869894428571424,0.28,0.4,0.3,100.0
63,25.0,100.0,S,0.8442519500000001,0.569933,0.4992305714285714,0.4992305714285714,0.2297768,0.10149810000000004,0.33127490000000004,77.4288,77.85597,73.14621,0.7981364000000001,-0.5451973000000001,0.716344475,-0.4663298500000001,0.30000000000000004,0.41999999999999993,0.31999999999999995,100.0
64,26.0,100.0,S,0.9276131,0.52397285,0.46590800875,0.46590800875,0.2570885,0.10743349999999996,0.364522,78.51333000000002,78.8987,74.05019,0.89085075,-0.5098708000000001,0.8170335083333332,-0.4390084725,0.3,0.45999999999999996,0.34,93.75
65,27.0,100.0,S,0.9895104,0.6269604,0.5240622557142858,0.5240622557142858,0.2608234,0.10908290000000004,0.3699063,81.41936,81.10674,76.39263000000003,0.9352472,-0.6197563,0.8338661333333333,-0.5163693757142858,0.30000000000000004,0.42000000000000004,0.32000000000000006,93.75
66,28.0,100.0,S,0.9695351000000001,0.58985515,0.5719888375,0.5719888375,0.303891,0.1428931,0.4467841,81.10306,81.96468,76.57918000000002,0.9153976,-0.5595323999999999,0.8704855928571428,-0.4710290125,0.28,0.46,0.32,90.9090909090909
67,29.0,100.0,S,0.9104427,0.4337066,0.4488203785714286,0.4488203785714286,0.235423,0.09436459999999997,0.3297876,78.55481,78.67218000000003,74.12854,0.8663629,-0.4228068,0.8061343636363637,-0.43804339,0.30000000000000004,0.41999999999999993,0.31999999999999995,93.75
68,30.0,100.0,S,0.7283891,0.437667,0.38067851,0.38067851,0.2009878,0.08212040000000004,0.28310820000000003,77.02188000000002,76.74733,70.09406,0.6466125,-0.4305891,0.6228007083333335,-0.3609243471428571,0.28,0.4,0.30000000000000004,103.44827586206895
69,31.0,100.0,S,0.80371,0.5113807,0.4723243428571429,0.4723243428571429,0.2412204,0.10608169999999996,0.34730209999999995,75.94086,76.73869,71.72977,0.7296156,-0.4849713,0.7140202338461541,-0.4307188128571428,0.30000000000000004,0.44000000000000006,0.31999999999999995,100.0
70,32.0,100.0,S,0.7778146,0.458667,0.4002420714285714,0.4002420714285714,0.2157874,0.08208259999999998,0.29787,75.18087,75.0579,70.02271999999999,0.7000046,-0.4466715,0.6253453076923077,-0.3407502571428572,0.28,0.42000000000000004,0.31999999999999995,100.0
71,33.0,100.0,S,0.8062486,0.69098225,0.6170834,0.6170834,0.250165,0.10350889999999996,0.3536739,76.30041999999997,76.63676,70.63127,0.7872016000000001,-0.670234,0.6699598257142858,-0.5970528833333334,0.36,0.46,0.38,100.0
72,34.0,100.0,S,0.8157076999999999,0.3935735,0.407795965,0.407795965,0.2420735,0.10013209999999992,0.34220559999999994,81.92469,82.49566999999998,79.05025,0.6925714,-0.3769363,0.6690362730769231,-0.34375852125,0.27999999999999997,0.42,0.3,103.44827586206895
73,35.0,100.0,S,0.8228804,0.558619,0.4875234600000001,0.4875234600000001,0.24039120000000005,0.10280699999999997,0.3431982,82.83998000000003,82.7258,77.78407,0.7610309000000001,-0.5516052,0.7295217307692307,-0.4737574285714286,0.30000000000000004,0.42000000000000004,0.31999999999999995,96.77419354838709
74,36.0,100.0,S,0.7616118999999999,0.3716263,0.4707191857142857,0.4707191857142857,0.2388372000000001,0.10445679999999988,0.343294,82.75196,82.82979,79.87814,0.7480220000000001,-0.3589583,0.7435252499999999,-0.3860348428571429,0.26,0.39999999999999997,0.3,103.44827586206895
75,37.0,100.0,S,0.9317996,0.4977809,0.4555872,0.4555872,0.2472605,0.09965590000000002,0.3469164,85.28256999999998,85.57834,82.57874,0.9234229,-0.26766490000000004,0.8674507272727272,-0.2951440985714285,0.22000000000000003,0.36000000000000004,0.26,111.11111111111109
76,38.0,100.0,S,0.7770990500000001,0.4896228,0.5081325228571429,0.5081325228571429,0.2347093,0.10764900000000002,0.3423583,80.45183,80.64902,74.93916,0.7434828500000001,-0.4790555,0.7267285333333334,-0.4995250214285714,0.30000000000000004,0.41999999999999993,0.31999999999999995,103.44827586206895
77,39.0,100.0,S,0.7565200999999999,0.4232925500000001,0.4308074912500001,0.4308074912500001,0.2310471,0.1053109,0.336358,80.02526,80.79706,77.53394,0.72118695,-0.4086063500000001,0.6883441916666665,-0.37541122375,0.27999999999999997,0.42000000000000004,0.3,103.44827586206895
78,40.0,100.0,S,0.7883017,0.4860816,0.4065639142857143,0.4065639142857143,0.241585,0.08824890000000002,0.3298339,83.60436,83.82566,81.8467,0.73032155,-0.4750152,0.7190438741666667,-0.3606146628571429,0.28,0.4,0.30000000000000004,107.14285714285715
79,1.0,120.0,S,0.97560965,0.5087696,0.46223522,0.46223522,0.2140417,0.08329750000000002,0.2973392,75.37997,80.3192,78.63725,0.8972734499999999,-0.4391433,0.8390176899999998,-0.3919881436,0.22,0.31999999999999995,0.26,120.0
80,2.0,120.0,S,0.98802845,0.44489455,0.4619751500000001,0.4619751500000001,0.2217164,0.08844580000000007,0.31016220000000005,78.97834,76.89528,75.7366,0.91645175,-0.39364745,0.8646464999999999,-0.3368671333333333,0.2,0.32,0.24,125.0
81,3.0,120.0,S,1.07612,0.3583005,0.431767115,0.431767115,0.2384775,0.09825070000000002,0.33672820000000003,73.3195,76.10274,74.75714,1.021543,-0.30785070000000003,0.9212590333333336,-0.2903142916666667,0.2,0.32,0.24,120.0
82,4.0,120.0,S,1.063805,0.54507795,0.4909045500000001,0.4909045500000001,0.2181976,0.09443139999999996,0.312629,76.62075,80.48442,78.24557,1.027297,-0.3050683,0.9169392,-0.23374328,0.18000000000000002,0.31999999999999995,0.22,120.0
83,5.0,120.0,S,1.039012,0.5814286999999999,0.49165262,0.49165262,0.2139355,0.0784936,0.2924291,72.90302,73.4577,69.31594,0.9432429,-0.3527717,0.8602222111111111,-0.22943512000000005,0.18000000000000002,0.32,0.26,142.85714285714286
84,6.0,120.0,S,0.9445317,0.5654929,0.54095335,0.54095335,0.2358129,0.0999602,0.3357731,78.77209,80.51720999999998,79.02769,0.7761100000000001,-0.5248168000000001,0.792297781818182,-0.4932559383333333,0.26,0.36,0.28,120.0
85,7.0,120.0,S,1.189619,0.5107484999999999,0.5649820814285714,0.5649820814285714,0.2784722,0.12465000000000005,0.4031222,72.11536,73.9573,69.43353,1.082247,-0.3121302,0.97249759,-0.3856324942857143,0.19999999999999998,0.33999999999999997,0.24000000000000002,125.0
86,8.0,120.0,S,1.004237,0.65629645,0.5854939166666667,0.5854939166666667,0.3006929,0.11073630000000012,0.4114292000000001,74.12295,76.07851,75.09081,0.9554085,-0.58161635,0.9594681000000002,-0.4915600633333333,0.26,0.36,0.28,111.11111111111109
87,9.0,120.0,S,0.99291375,0.6553034000000001,0.58248146,0.58248146,0.2437839,0.09957669999999996,0.3433606,73.72348000000002,73.65919,68.70662,0.82968485,-0.6170725,0.7587837879999999,-0.5454374200000001,0.26,0.34,0.28,136.36363636363637
88,10.0,120.0,S,1.1953745,0.6986829000000001,0.6105410714285714,0.6105410714285714,0.2842288,0.12255929999999997,0.4067881,80.19131,81.79511,79.18681,1.1402295,-0.5333472,1.0686060200000005,-0.3967248714285713,0.2,0.38,0.26,111.11111111111109
89,11.0,120.0,S,0.92505315,0.5654798000000001,0.4977650585714287,0.4977650585714287,0.27432929999999994,0.11295220000000004,0.3872815,70.18393,70.36626,64.37508000000001,0.75591875,-0.5183535,0.7499761375,-0.4070704257142857,0.26,0.38,0.27999999999999997,115.3846153846154
90,12.0,120.0,S,1.117843,0.3868781,0.5007768714285714,0.5007768714285714,0.29020159999999995,0.11308920000000006,0.4032908,78.24834,80.14976,77.14397,0.97934255,-0.3244155,0.910722575,-0.37481032571428574,0.24,0.36,0.26,115.3846153846154
91,13.0,120.0,S,1.1889,0.48953725,0.5661130333333334,0.5661130333333334,0.2732865,0.11324120000000006,0.3865277,81.67699,83.68835,78.73040999999998,1.175492,-0.44974815,1.01022754,-0.5169356716666667,0.24,0.33999999999999997,0.26,125.0
92,14.0,120.0,S,1.073796,0.4284482,0.4719144,0.4719144,0.3025703,0.09727940000000003,0.3998497,70.49292,70.5391,67.72166999999999,0.9501917,-0.3954613,0.8880910923076925,-0.37542100166666653,0.26,0.36,0.28,115.3846153846154
93,15.0,120.0,S,1.169774,0.7847656000000001,0.7037349333333333,0.7037349333333333,0.3151213,0.13278929999999997,0.4479106,79.85754,84.58746,81.24209,1.03200085,-0.7202509500000001,0.9527710416666664,-0.58434835,0.24000000000000002,0.33999999999999997,0.26,130.43478260869566
94,16.0,120.0,S,1.319232,0.6549635,0.6548678000000001,0.6548678000000001,0.2900547,0.11524949999999999,0.4053042,74.94951,77.85078,76.05096,1.1898799999999998,-0.2756781,1.1132175222222225,-0.15045551666666668,0.18000000000000002,0.31999999999999995,0.19999999999999998,125.0
95,17.0,120.0,S,1.166526,0.4011267,0.5645121714285714,0.5645121714285714,0.3129686,0.12920120000000013,0.4421698000000001,77.19138000000002,77.94315999999998,75.11929,1.09896885,-0.34589770000000003,1.0338899666666668,-0.4198686528571428,0.24000000000000002,0.38,0.28,107.14285714285714
96,18.0,120.0,S,1.218995,0.5368378,0.60808535,0.60808535,0.3397166,0.1511744,0.490891,74.83104,75.52965999999998,70.63896,1.139728,-0.4653869000000001,1.0593152615384616,-0.4482171387500001,0.26,0.4,0.28,103.44827586206895
97,19.0,120.0,S,1.4218879999999998,0.45952655,0.5542173,0.5542173,0.3554285,0.11611210000000001,0.4715406,71.79149,73.76658,71.71633,1.277189,-0.38652995,1.1553497618181818,-0.4606936983333332,0.24,0.33999999999999997,0.26,120.0
98,20.0,120.0,S,1.2528015,0.66064455,0.7149433999999999,0.7149433999999999,0.347236,0.16932000000000005,0.516556,71.05769000000002,73.22726,68.80757,1.1102379999999998,-0.34346370000000004,1.0443288416666667,-0.3675012875,0.24000000000000002,0.4,0.26,111.11111111111109
99,21.0,120.0,S,0.9650395,0.5974503000000001,0.5007079285714287,0.5007079285714287,0.2451221,0.10410740000000003,0.3492295,81.39021,82.13356,75.30478000000002,0.9470457,-0.5675326,0.7744247958333336,-0.4529837414285714,0.26,0.38,0.28,113.2075471698113
100,22.0,120.0,S,1.03164055,0.3857142,0.4835796857142857,0.4835796857142857,0.2734035,0.1137496,0.3871531,77.52765,78.85852,77.71311,0.9644560999999999,-0.3306597,0.9436202333333332,-0.3690641685714285,0.24,0.36,0.26,111.11111111111109
101,23.0,120.0,S,0.9348636,0.5303339,0.5385609625000001,0.5385609625000001,0.30741890000000005,0.13222010000000006,0.4396390000000001,75.16628,75.92554,70.6443,0.86748095,-0.4756763,0.8320882183333332,-0.417282265,0.26,0.39999999999999997,0.27999999999999997,107.14285714285715
102,24.0,120.0,S,0.9998538,0.3791509,0.4682160142857143,0.4682160142857143,0.2662625,0.10841079999999996,0.3746733,79.38355,79.59589,76.56895,0.9200962,-0.3606675,0.8382989727272728,-0.3840262428571429,0.24,0.38,0.28,107.14285714285715
103,25.0,120.0,S,1.07599625,0.50686635,0.46104325125,0.46104325125,0.2575942,0.1086954,0.3662896,80.65919,81.24339,76.43467,1.04796435,-0.41381720000000005,0.96836513,-0.30736478875,0.19999999999999998,0.38,0.24000000000000002,107.14285714285715
104,26.0,120.0,S,1.0888790000000002,0.6415571,0.5465194333333333,0.5465194333333333,0.2237264,0.09594129999999998,0.3196677,77.85008,80.77161,79.4397,1.01461,-0.6129765500000001,0.8492746777777778,-0.5217763249999999,0.26,0.36,0.28,120.0
105,27.0,120.0,S,1.0188045,0.407499,0.44525996166666665,0.44525996166666665,0.2424124,0.08861730000000001,0.3310297,79.51941,80.47935,79.90923000000002,0.9602299999999999,-0.31297,0.9472830200000002,-0.26452220000000004,0.2,0.32,0.24,120.0
106,28.0,120.0,S,0.9655676999999999,0.5016872,0.496505908888889,0.496505908888889,0.2698866,0.11393260000000005,0.3838192,77.99605,79.83001999999998,75.98115,0.9132196,-0.399815,0.8309544666666665,-0.3536249555555556,0.24000000000000002,0.42,0.27999999999999997,109.09090909090908
107,29.0,120.0,S,0.9965051,0.5984254,0.5282800142857144,0.5282800142857144,0.2590307,0.10986789999999996,0.3688986,81.16841,81.63264000000002,78.56223,0.9303136,-0.5748800999999999,0.8627434181818182,-0.46580546,0.26,0.38,0.27999999999999997,120.0
108,30.0,120.0,S,0.91170785,0.4135297000000001,0.4673535685714286,0.4673535685714286,0.2531698,0.10405540000000002,0.3572252,80.52513,80.66792,78.33184,0.87076015,-0.27186809999999995,0.7926453083333334,-0.3393240685714285,0.24,0.38,0.28,120.0
109,31.0,120.0,S,1.0537,0.5296418,0.4911988414285714,0.4911988414285714,0.2336976,0.10605979999999998,0.3397574,77.45736,79.9538,78.85611999999998,0.9582824,-0.2313833,0.9763348777777776,-0.2937571271428571,0.18000000000000002,0.31999999999999995,0.22,125.0
110,32.0,120.0,S,1.198243,0.6165347,0.5889298000000001,0.5889298000000001,0.2443619,0.10876039999999998,0.3531223,83.15438,86.62021999999996,83.58117,1.172741,-0.266133125,1.0580748333333334,-0.19131329166666666,0.18000000000000002,0.31999999999999995,0.22,120.0
111,33.0,120.0,S,1.00760505,0.50272615,0.4396645516666666,0.4396645516666666,0.2289814,0.08922400000000005,0.3182054,76.6402,77.34019,72.33744,0.94097575,-0.48964545,0.8991586799999999,-0.4174176683333333,0.24000000000000002,0.34,0.26,130.43478260869566
112,34.0,120.0,S,1.1204085,0.5497999,0.50950304,0.50950304,0.23173890000000005,0.092724,0.32446290000000005,83.1832,84.09014,82.17014,1.096545,-0.532122,0.8834215000000001,-0.487666792,0.24,0.33999999999999997,0.27999999999999997,115.3846153846154
113,36.0,120.0,S,0.9026034,0.4167338,0.41863683857142864,0.41863683857142864,0.2440133,0.0937847,0.337798,75.90095,77.16468,75.27932,0.8463242,-0.3891327,0.754646675,-0.2787987142857143,0.24,0.36,0.26,120.0
114,37.0,120.0,S,1.0064516,0.5630834,0.50735462,0.50735462,0.2095718,0.08203780000000001,0.2916096,80.97851,84.10844,83.45753,0.99350745,-0.31596490000000005,0.9671667125,-0.18727617600000002,0.16,0.3,0.22000000000000003,136.36363636363637
115,38.0,120.0,S,0.98399765,0.66505295,0.5663221333333334,0.5663221333333334,0.2263691,0.09463699999999994,0.3210061,77.38166,77.81421999999998,73.76089,0.93916595,-0.64936395,0.81035763,-0.5529111583333334,0.28,0.38,0.30000000000000004,111.11111111111109
116,39.0,120.0,S,0.9430405,0.6330563499999999,0.5479819383333333,0.5479819383333333,0.2639611,0.09895299999999996,0.3629141,80.78116,81.29785,79.7296,0.8579370999999999,-0.59945895,0.8111463750000002,-0.4969985333333333,0.28,0.38,0.30000000000000004,115.3846153846154
117,40.0,120.0,S,1.05178,0.5290023500000001,0.5030187,0.5030187,0.2573282,0.1058051,0.3631333,76.41346999999998,76.63585,73.9318,0.9841592,-0.5013185,0.8618153545454543,-0.4343134,0.26,0.36,0.28,115.3846153846154
118,1.0,80.0,M,1.9186235,0.95160995,0.8990073000000001,0.8990073000000001,0.5678506999999999,0.24244940000000004,0.8103001,79.95868,81.46840999999998,75.7429,1.7999415,-0.82317835,1.6027783428571427,-0.6764972520000001,0.28,0.52,0.3400000000000001,83.33333333333334
119,2.0,80.0,M,1.884418,0.7696703,0.7971290218181818,0.7971290218181818,0.5687035,0.2263456999999999,0.7950491999999999,81.37791,84.75583,78.76313,1.780329,-0.6693412,1.4913843253333334,-0.6886497099090909,0.3,0.49999999999999994,0.32,88.23529411764706
120,3.0,80.0,M,1.8120490000000002,0.9080190999999999,0.9243142129999999,0.9243142129999999,0.5860084,0.25769070000000005,0.8436991,77.63309,79.26398,73.46665,1.5659109999999998,-0.77302825,1.574635364285714,-0.816735153,0.33999999999999997,0.52,0.36,83.33333333333333
121,4.0,80.0,M,1.989433,0.8553546999999999,0.8918145090909091,0.8918145090909091,0.6151456999999999,0.28072010000000025,0.8958658000000002,79.54202,80.56128000000002,75.38135,1.7790279999999998,-0.6981565,1.8654705384615389,-0.6256606872727274,0.26,0.5,0.30000000000000004,85.71428571428572
122,5.0,80.0,M,1.923927,0.9745889,0.9076982372727272,0.9076982372727272,0.5928309,0.25832619999999995,0.8511571,75.08839,77.22049,73.46751,1.593137,-0.7293871,1.6220016753846156,-0.5616923290909092,0.26,0.5,0.28,85.71428571428571
123,6.0,80.0,M,1.817969,0.821385,0.8325265754545454,0.8325265754545454,0.5709519000000001,0.24523149999999996,0.8161834,77.46368000000002,80.70317,76.05544,1.523886,-0.6729071999999999,1.5148867214285708,-0.5289256009090908,0.28,0.52,0.30000000000000004,85.71428571428571
124,7.0,80.0,M,1.557552,0.7654158000000001,0.8381052972727274,0.8381052972727274,0.5201948000000001,0.2377692,0.7579640000000001,73.33391,75.31461999999998,72.83569,1.388134,-0.6530892,1.220074675,-0.7028945951818182,0.33999999999999997,0.5399999999999999,0.36,81.08108108108108
125,8.0,80.0,M,1.6392875,0.89828215,0.85286185,0.85286185,0.5387132,0.2269684999999999,0.7656816999999999,78.93096,81.7878,79.10823,1.50034,-0.80695005,1.5324525785714282,-0.646908601,0.28,0.52,0.33999999999999997,78.94736842105263
126,9.0,80.0,M,1.486451,0.85841325,0.8459036099999999,0.8459036099999999,0.5427393,0.233281,0.7760203,77.22505,79.04424,76.48003,1.405521,-0.7742899999999999,1.341257470666667,-0.7824123590000001,0.33999999999999997,0.52,0.36,85.71428571428571
127,10.0,80.0,M,1.3169110000000002,0.8461083,0.8049291625,0.8049291625,0.4887452000000001,0.18087949999999986,0.6696247,73.27368,74.73613,72.63747,1.1453384999999998,-0.7443645999999999,1.16040935125,-0.7186017874999999,0.36000000000000004,0.5,0.38000000000000006,88.23529411764706
128,11.0,80.0,M,1.302243,0.7910054,0.751640525,0.751640525,0.4596262,0.17537179999999994,0.634998,74.17945,76.1976,74.35486999999998,1.204004,-0.6919702,1.2140342666666666,-0.66535548125,0.34,0.48000000000000004,0.36000000000000004,81.08108108108108
129,12.0,80.0,M,1.466736,0.7911675,0.816553566,0.816553566,0.489111,0.20979710000000007,0.6989081,75.97985,79.45911,77.02264,1.2695290000000001,-0.70350545,1.1069679624999995,-0.735385088,0.36,0.54,0.38,81.08108108108108
130,13.0,80.0,M,1.577506,0.8236357,0.8573414666666667,0.8573414666666667,0.5442583000000001,0.21760119999999994,0.7618595,76.10168,77.55922,76.07066999999998,1.461338,-0.7162937,1.4285403933333334,-0.7722388333333333,0.36000000000000004,0.52,0.37999999999999995,81.08108108108108
131,14.0,80.0,M,1.595175,0.7347186,0.7336419545454546,0.7336419545454546,0.4897001,0.21301869999999995,0.7027188,74.42553000000002,77.47367,75.0751,1.418713,-0.6486996,1.2496455873333332,-0.5351375445454546,0.3,0.54,0.34,78.94736842105263
132,15.0,80.0,M,1.288656,0.80610045,0.725262905,0.725262905,0.4655887,0.16573099999999996,0.6313196999999999,74.31519,75.32914,74.19283,1.0869605,-0.7392406,1.0957479812500002,-0.6658332812500001,0.36,0.5,0.38,85.71428571428572
133,16.0,80.0,M,1.482609,0.7520185,0.7892991818181819,0.7892991818181819,0.5180371,0.2373482,0.7553853,84.61496,86.89115,80.39618,1.2687545,-0.6927767,1.3050689875,-0.72192556,0.3400000000000001,0.56,0.36,76.92307692307692
134,17.0,80.0,M,1.4891905,0.7558208000000001,0.7393031416666668,0.7393031416666668,0.4826937,0.23221119999999995,0.7149049,69.32639,71.83084000000002,67.80269,1.3008195,-0.56952295,1.2374699107142857,-0.44329295333333335,0.28,0.54,0.3,85.71428571428572
135,18.0,80.0,M,1.345121,0.7022188,0.7391013754545455,0.7391013754545455,0.4642431,0.20808259999999995,0.6723256999999999,72.51018,73.22598,69.55224,1.197047,-0.6301753999999999,1.1844020133333333,-0.6598439590909089,0.33999999999999997,0.54,0.36,81.08108108108108
136,19.0,80.0,M,1.5940725,0.6992602,0.7189589827272727,0.7189589827272727,0.4584431,0.2118092000000001,0.6702523,77.1881,77.65415,75.86279,1.460625,-0.6251928000000001,1.3442971642857149,-0.5772659957272728,0.28,0.5,0.32000000000000006,81.08108108108108
137,20.0,80.0,M,1.1883780000000002,0.6988281999999999,0.7302500030000001,0.7302500030000001,0.4854663,0.20879270000000003,0.694259,74.95297,76.13884,73.65035,1.102678,-0.6173778000000001,1.141265411764706,-0.656647729,0.36,0.54,0.38,81.08108108108108
138,21.0,80.0,M,1.237755,0.4196883,0.4963318812500001,0.4963318812500001,0.348235,0.1257259,0.4739609,69.66894,69.54774,65.6917,1.106781,-0.3711663,0.9787724230769228,-0.35837263875,0.28,0.42000000000000004,0.3,93.75
139,22.0,80.0,M,1.41606,0.7407986999999999,0.70918278125,0.70918278125,0.4155801,0.17265609999999992,0.5882361999999999,83.55664,80.59966,78.40454,1.342084,-0.6510406999999999,1.2279453785714285,-0.62073019,0.3,0.44,0.32,90.9090909090909
140,23.0,80.0,M,1.284532,0.845392,0.7682045142857145,0.7682045142857145,0.4400444000000001,0.15327579999999985,0.5933202,72.28777,73.24305,69.7262,1.04816,-0.7321488,1.0758699493333337,-0.6586816200000001,0.32,0.45999999999999996,0.36,100.0
141,24.0,80.0,M,1.310876,0.7101613,0.6670449112500001,0.6670449112500001,0.4267118,0.16168820000000006,0.5884,73.35793000000002,73.93918000000002,72.18726,1.046074,-0.6370661,1.0786937933333332,-0.6101084299999999,0.36,0.5,0.38,85.71428571428572
142,25.0,80.0,M,1.479982,0.6895544,0.6782263500000001,0.6782263500000001,0.3996184,0.17214739999999995,0.5717658,74.0816,75.85498,73.99306,1.400948,-0.6195225999999999,1.1357111076923077,-0.5998682875,0.30000000000000004,0.43999999999999995,0.31999999999999995,96.77419354838709
143,26.0,80.0,M,1.40723,0.8450751,0.8042332,0.8042332,0.4325455,0.18418190000000007,0.6167274,73.59891,73.71725,69.10498,1.258057,-0.6451496,1.2460561461538462,-0.4624416888888889,0.26,0.48,0.28,90.90909090909092
144,27.0,80.0,M,1.571968,0.9111068,0.8145938822222223,0.8145938822222223,0.438153,0.1827725000000001,0.6209255,70.99854,71.84338000000002,68.11997,1.4088470000000002,-0.5480825,1.3132045083333332,-0.3958344888888889,0.24000000000000002,0.43999999999999995,0.26,96.77419354838709
145,28.0,80.0,M,1.4593600000000002,0.4619604000000001,0.6618018666666666,0.6618018666666666,0.4299324000000001,0.18841019999999986,0.6183426,77.8806,76.27199999999998,74.68401,1.3188090000000001,-0.3865428,1.1687886357142858,-0.4876212,0.3,0.46,0.32,88.23529411764706
146,29.0,80.0,M,1.53505,0.5817468000000001,0.60855534125,0.60855534125,0.4094765,0.15658410000000006,0.5660606,73.47659,73.4151,69.52676,1.3559219999999998,-0.5322576,1.1739104923076922,-0.5082158912500001,0.28,0.42,0.3,100.0
147,30.0,80.0,M,1.354925,0.9500363000000002,0.8270959571428572,0.8270959571428572,0.4347239000000001,0.17124559999999986,0.6059694999999999,77.14559,77.42889,73.64994,1.283662,-0.8821865,1.1249370928571432,-0.7647885,0.33999999999999997,0.45999999999999996,0.36,93.75
148,31.0,80.0,M,1.5138655,0.7712386,0.6628223428571428,0.6628223428571428,0.4136684000000001,0.15199119999999985,0.5656595999999999,80.81844,81.21491999999998,79.50644,1.3482215000000002,-0.7107195,1.3257667916666664,-0.5621778571428572,0.26,0.38,0.28,107.14285714285715
149,32.0,80.0,M,1.574106,0.6754433000000001,0.787538175,0.787538175,0.4317982,0.19993739999999996,0.6317356,72.5974,72.97251999999997,66.83475,1.366884,-0.5814227000000001,1.2109628,-0.627328025,0.28,0.44000000000000006,0.31999999999999995,96.77419354838709
150,33.0,80.0,M,1.5263665000000002,0.8931733000000001,0.8039800033333333,0.8039800033333333,0.4243537,0.18320679999999995,0.6075605,72.39153,74.00254,71.96252,1.3790045,-0.5265741,1.276299475,-0.3869774844444445,0.24,0.43999999999999995,0.26,96.77419354838713
151,34.0,80.0,M,1.632254,0.6773986,0.8264119488888889,0.8264119488888889,0.4728166,0.2240999,0.6969165,73.60117,75.47886,73.76158000000002,1.455118,-0.5690894000000001,1.4070293230769229,-0.6002447267777778,0.26,0.44,0.3,100.0
152,35.0,80.0,M,1.32756,0.8475251,0.7809339714285715,0.7809339714285715,0.4274316,0.1576819000000001,0.5851135000000001,74.16011,76.23295999999998,74.88943,1.210956,-0.7568661999999999,1.1737352785714286,-0.6824371471428571,0.30000000000000004,0.44000000000000006,0.3400000000000001,96.77419354838709
153,36.0,80.0,M,1.351609,0.509332,0.6037416428571429,0.6037416428571429,0.3830717,0.14039049999999995,0.5234622,70.43462,71.91781999999998,70.08941999999999,1.236023,-0.2936359000000001,1.1521081,-0.3766166714285714,0.26,0.39999999999999997,0.3,100.0
154,37.0,80.0,M,1.265185,0.4931985,0.6545417571428571,0.6545417571428571,0.412236,0.14874880000000007,0.5609848000000001,74.14577,75.38928,73.44978,1.1538805,-0.3958288,1.1156600485714283,-0.4578884328571428,0.28,0.41999999999999993,0.31999999999999995,100.0
155,38.0,80.0,M,1.2703955,0.8639064000000001,0.7711850299999999,0.7711850299999999,0.3994122000000001,0.18267879999999992,0.582091,76.98141,78.7907,74.83317,1.1813565,-0.78269405,1.1331080714285715,-0.6862902725000001,0.30000000000000004,0.45999999999999996,0.33999999999999997,93.75
156,39.0,80.0,M,1.29934,0.8339339,0.6924500814285715,0.6924500814285715,0.4082144,0.15033419999999992,0.5585486,72.42738,72.89823,70.5349,1.22969,-0.7419975999999999,1.0137007066666668,-0.6154671514285714,0.33999999999999997,0.45999999999999996,0.36,90.90909090909092
157,40.0,80.0,M,1.363796,0.5391188,0.56442415,0.56442415,0.3684962,0.14466099999999998,0.5131572,81.16839,76.62318,75.37718000000002,1.293012,-0.4782149000000001,1.0783959692307692,-0.4701076737500001,0.3,0.44,0.32,88.23529411764706
158,1.0,100.0,M,1.7764185,1.061025,0.927364077777778,0.927364077777778,0.5619911999999999,0.23735610000000015,0.7993473000000001,80.79231,78.62232,75.75431999999998,1.592827,-0.9531283000000002,1.6189819857142855,-0.8074763111111112,0.27999999999999997,0.45999999999999996,0.32,93.75
159,2.0,100.0,M,1.6504470000000002,0.9162446,0.909687125,0.909687125,0.4875067,0.1948511,0.6823578,79.62014,81.17751,77.97343000000002,1.428168,-0.8289339,1.3840144461538462,-0.6768453375000001,0.26,0.45999999999999996,0.32,93.75
160,3.0,100.0,M,1.910788,0.6650881999999999,0.6830596250000001,0.6830596250000001,0.4875841,0.17076049999999998,0.6583446,76.41554000000002,77.89303000000002,76.12763000000002,1.7372880000000002,-0.5767131,1.484542253846154,-0.5707606512500001,0.28,0.42000000000000004,0.3,100.0
161,4.0,100.0,M,2.2609980000000003,1.094905,1.022783890909091,1.022783890909091,0.5311724,0.27271369999999995,0.8038860999999999,82.30558,88.2889,79.87788,2.149182,-0.6168071999999999,2.01622716,-0.5415610581818182,0.2,0.42000000000000004,0.22000000000000003,100.0
162,5.0,100.0,M,1.533675,0.5277231,0.6990569333333334,0.6990569333333334,0.4740082000000001,0.19048069999999995,0.6644889,77.60501,79.07776,75.52135,1.466744,-0.3641508,1.4120600538461536,-0.4828249444444445,0.26,0.42000000000000004,0.28,100.0
163,6.0,100.0,M,1.6922104999999998,0.8197946,0.8170210333333334,0.8170210333333334,0.4792283,0.2022799,0.6815081999999999,77.27164,77.79749,72.86814,1.5691525,-0.6128316999999999,1.4575606166666668,-0.5920260744444445,0.24000000000000002,0.44000000000000006,0.30000000000000004,100.0
164,7.0,100.0,M,1.602946,0.6966649999999999,0.82878574,0.82878574,0.4912545,0.20993320000000004,0.7011877,81.82346,87.91449,82.46359,1.466725,-0.58484355,1.3681439615384614,-0.6242702400000001,0.26,0.44,0.27999999999999997,96.77419354838709
165,8.0,100.0,M,1.5318120000000002,0.8080629,0.8011127111111112,0.8011127111111112,0.4395244,0.1822885,0.6218129,82.82725,85.4948,80.88942,1.4245889999999999,-0.6628781,1.3274388833333333,-0.5243735666666667,0.24000000000000002,0.44,0.28,111.11111111111109
166,9.0,100.0,M,1.7434740000000002,1.0835191000000002,0.94712139625,0.94712139625,0.5054666,0.22043270000000004,0.7258993,81.47878,81.60451,76.94215,1.467939,-1.00629545,1.5632934615384615,-0.8733390750000001,0.28,0.42000000000000004,0.30000000000000004,93.75
167,10.0,100.0,M,1.6824065,0.7672545000000001,0.7646524666666665,0.7646524666666665,0.480736,0.17758000000000007,0.658316,78.64314,80.58633,78.22715,1.554041,-0.5074204999999999,1.4474374166666668,-0.4929033122222223,0.24000000000000002,0.42000000000000004,0.28,100.0
168,11.0,100.0,M,1.490112,0.9891362,0.948826175,0.948826175,0.5038847,0.21646490000000007,0.7203496,82.86509000000002,83.1276,77.58688000000002,1.441756,-0.9272575,1.3019465260000005,-0.8954230999999999,0.34,0.48000000000000004,0.36000000000000004,90.9090909090909
169,12.0,100.0,M,1.607008,0.96740955,0.8823700499999999,0.8823700499999999,0.4757548,0.20419989999999996,0.6799546999999999,78.59561,83.57305,80.16654,1.526126,-0.84576425,1.3598096928571426,-0.7329375374999999,0.27999999999999997,0.42,0.3,100.0
170,13.0,100.0,M,1.647563,0.9850144,0.8401976000000001,0.8401976000000001,0.469003,0.1802724,0.6492754,82.9556,87.52221999999998,83.6888,1.551495,-0.8944209999999999,1.455475861538461,-0.7462574214285713,0.28,0.39999999999999997,0.3,100.0
171,14.0,100.0,M,1.2634105,0.91871575,0.8153934,0.8153934,0.4282054,0.18268910000000002,0.6108945,85.04021999999998,86.55015,77.47126,1.13175755,-0.86356515,1.129306257142857,-0.7513874466249999,0.3,0.45999999999999996,0.34,96.77419354838713
172,15.0,100.0,M,1.420105,0.8825045,0.7731702285714286,0.7731702285714286,0.3698263,0.15582289999999993,0.5256491999999999,79.11505,81.24396,77.88073,1.268479,-0.8258923,1.2057478583333334,-0.7158966242857142,0.28,0.42,0.32,103.44827586206895
173,16.0,100.0,M,1.386624,0.5842282,0.6201635025,0.6201635025,0.4082371,0.15475470000000008,0.5629918,82.40355,82.57681,79.38435,1.1513635,-0.5518736999999999,1.2332655166666668,-0.5073165562499999,0.26,0.4,0.28,100.0
174,17.0,100.0,M,1.571231,0.82924635,0.7502759625,0.7502759625,0.424505,0.17842019999999992,0.6029251999999999,81.76781,82.06045999999998,76.74679,1.553985,-0.75887755,1.354071269230769,-0.6289840575,0.26,0.39999999999999997,0.28,103.44827586206895
175,18.0,100.0,M,1.711641,0.9399056,0.818740842857143,0.818740842857143,0.4566849,0.16913800000000007,0.6258229000000001,83.36886,83.89541,81.25291999999997,1.6819099999999998,-0.8791758,1.4093731615384617,-0.75535668,0.30000000000000004,0.42000000000000004,0.31999999999999995,100.0
176,19.0,100.0,M,1.3867015,0.7982818,0.7625304666666666,0.7625304666666666,0.443242,0.1882264,0.6314684,79.41704,80.66781999999998,75.68583000000002,1.304784,-0.7234629,1.3009339428571425,-0.6866836755555554,0.3,0.45999999999999996,0.32,93.75
177,20.0,100.0,M,1.6876685000000002,0.8041931999999999,0.7704481142857142,0.7704481142857142,0.380956,0.1580118000000001,0.5389678000000001,83.41351,85.72211,83.12595,1.613743,-0.4741844,1.51931772,-0.4862384,0.2,0.36000000000000004,0.26,107.14285714285714
178,21.0,100.0,M,1.151512,0.646814,0.621738975,0.621738975,0.3187627,0.13379979999999994,0.4525625,70.34007,71.79368000000002,68.55561,1.02020745,-0.5281814,0.91282817,-0.4205116525,0.24000000000000002,0.43999999999999995,0.30000000000000004,103.44827586206895
179,22.0,100.0,M,1.345815,0.4951076,0.6085407888888891,0.6085407888888891,0.3470625,0.16549149999999996,0.512554,75.03556,75.62404000000002,69.31466,1.257256,-0.3947234000000001,1.0366183384615386,-0.4579613222222222,0.28,0.44000000000000006,0.30000000000000004,93.75
180,23.0,100.0,M,1.330968,0.72330445,0.72333324,0.72333324,0.4128324,0.1884455,0.6012779,77.0084,78.67361,75.70453,1.206453,-0.57756775,1.2115156492307693,-0.5158400439999999,0.26,0.46,0.3,96.77419354838709
181,24.0,100.0,M,1.430548,0.8042169,0.6953062571428571,0.6953062571428571,0.3629967,0.14823360000000002,0.5112303,76.24218,77.08355,74.95758000000002,1.372505,-0.7379690999999999,1.1925013166666667,-0.6199823742857143,0.28,0.39999999999999997,0.3,100.0
182,25.0,100.0,M,1.264989,0.6692239999999999,0.69058913,0.69058913,0.3993255,0.18336219999999992,0.5826876999999999,74.16158,78.1452,75.41164,1.1452805,-0.5626767500000001,1.0925808357142857,-0.518086752,0.27999999999999997,0.48,0.32,90.90909090909092
183,26.0,100.0,M,0.948211,0.8241478000000001,0.800720675,0.800720675,0.4160571,0.18641230000000006,0.6024694,76.23805,78.80412,75.54095,0.8895193000000001,-0.7321583,0.9875330800000002,-0.7232162025,0.36,0.5,0.38,93.75
184,27.0,100.0,M,1.323004,0.8938387999999999,0.7722349037499999,0.7722349037499999,0.4348476,0.1772394,0.6120869999999999,76.86513000000002,76.93264,72.39584,1.273011,-0.8292591,1.1945451066666666,-0.71879785625,0.32,0.48000000000000004,0.36000000000000004,90.9090909090909
185,28.0,100.0,M,1.4682959999999998,0.6211411,0.6168605125,0.6168605125,0.4127028,0.15432750000000006,0.5670303000000001,78.26968000000002,78.06882,76.12885,1.399218,-0.5597809,1.2268797384615384,-0.53543175,0.3,0.44,0.32,93.75
186,29.0,100.0,M,1.2957845,0.6681948,0.7073514555555556,0.7073514555555556,0.4169978,0.16542050000000005,0.5824183,75.97729,76.16183000000002,71.34697,1.2320639999999998,-0.6013858,1.1853469357142858,-0.487435111111111,0.28,0.48000000000000004,0.32,88.23529411764706
187,30.0,100.0,M,1.26818,0.6327394000000001,0.6987604181818182,0.6987604181818182,0.4166282,0.1878559,0.6044841,76.46828000000002,79.69866,74.60481,1.137316,-0.4107288,1.2012651846153848,-0.4031733,0.28,0.48,0.30000000000000004,90.9090909090909
188,31.0,100.0,M,1.537919,0.6319615,0.7464505666666665,0.7464505666666665,0.4460794,0.19887190000000016,0.6449513000000001,75.07028000000003,75.24821,71.07686,1.435267,-0.5623071,1.2957532615384613,-0.6014996777777779,0.28,0.46,0.32,93.75
189,32.0,100.0,M,1.3790864999999999,0.6103331999999999,0.6410399044444444,0.6410399044444444,0.3733436,0.16848670000000016,0.5418303000000001,83.63625,84.60644,80.18293,1.3406120000000001,-0.5015252,1.26643365,-0.4689173033333333,0.24000000000000002,0.42000000000000004,0.28,100.0
190,33.0,100.0,M,1.110676,0.70956655,0.6980002375000001,0.6980002375000001,0.3549531,0.15140339999999994,0.5063565,79.32619,82.09312,78.22774,1.0633145,-0.6021815500000001,1.0293557928571428,-0.533922095875,0.27999999999999997,0.44,0.3,96.77419354838709
191,34.0,100.0,M,1.166463,0.9054895,0.7943476142857143,0.7943476142857143,0.389003,0.15545649999999994,0.5444595,77.38873000000002,78.11433000000002,74.22978,1.131839,-0.8266684000000001,1.041305,-0.7164392714285714,0.33999999999999997,0.45999999999999996,0.36,90.90909090909092
192,35.0,100.0,M,1.304636,0.78262275,0.7062097999999999,0.7062097999999999,0.3961738,0.16367710000000008,0.5598509,81.89758,83.02620999999998,76.40191999999998,1.288805,-0.7205078,1.1232894642857143,-0.6098250000000001,0.30000000000000004,0.45999999999999996,0.31999999999999995,93.75
193,36.0,100.0,M,1.176697,0.7518969499999999,0.652155905,0.652155905,0.3716308,0.15122379999999996,0.5228546,78.8344,79.9668,75.66853,1.1113959999999998,-0.7160032000000001,1.08041785,-0.6101802375,0.3,0.46,0.34,93.75
194,37.0,100.0,M,1.181327,0.6035057500000001,0.5912488340000002,0.5912488340000002,0.3219885,0.15604979999999996,0.4780383,72.02029,72.94677,65.83487,1.0875190000000001,-0.3528009000000001,1.0050160416666667,-0.328809317,0.24,0.43999999999999995,0.26,93.75
195,38.0,100.0,M,1.114372,0.6986154,0.68522945,0.68522945,0.34187,0.14170429999999995,0.4835743,72.07096999999997,72.57831999999998,66.40604,1.070017,-0.6433984,1.0153342538461538,-0.49236712375,0.26,0.45999999999999996,0.32,93.75
196,39.0,100.0,M,1.172336,0.7683349500000001,0.6768669125000001,0.6768669125000001,0.3425887,0.15077059999999998,0.4933593,74.47440999999998,74.66051,67.29784000000001,1.043452,-0.72447755,1.0173345769230768,-0.6230052125,0.3,0.45999999999999996,0.32,90.90909090909092
197,40.0,100.0,M,1.154311,0.67995925,0.6745785,0.6745785,0.35184740000000003,0.1589174,0.5107648,73.52269,74.45285,69.14854,1.116732,-0.53448235,1.044855969230769,-0.44847465125,0.26,0.44000000000000006,0.3,100.0
198,1.0,120.0,M,1.8042145,0.85870275,0.8426709290000001,0.8426709290000001,0.4302647,0.19651989999999991,0.6267845999999999,76.20689,78.52026,76.25417,1.662705,-0.48711255,1.531370167,-0.42970573,0.2,0.4,0.22000000000000003,111.11111111111109
199,2.0,120.0,M,1.889386,0.4697326,0.6435126542857142,0.6435126542857142,0.4060186,0.15349110000000005,0.5595097,80.04824,81.38728,79.12053,1.7694554999999998,-0.4038362,1.6072321900000002,-0.4903811485714286,0.2,0.32,0.22000000000000003,130.43478260869566
200,3.0,120.0,M,1.427979,0.65137115,0.6673712500000001,0.6673712500000001,0.3877694,0.15891979999999994,0.5466892,77.02008000000002,80.18436,77.80488000000003,1.3192875000000002,-0.575623,1.2393460833333334,-0.4455762875,0.24,0.38,0.26,111.11111111111113
201,4.0,120.0,M,1.53795,0.5579967,0.7109201714285714,0.7109201714285714,0.462417,0.17094340000000002,0.6333604,75.54704,78.77163,76.73692,1.349556,-0.448412,1.3099138153846157,-0.54569954,0.26,0.38,0.28,107.14285714285715
202,5.0,120.0,M,1.482346,0.7078015000000001,0.7245691642857143,0.7245691642857143,0.4048149,0.15025839999999996,0.5550733,79.78601,84.90611,80.41705999999998,1.35337,-0.6314625,1.2634167666666667,-0.5278084385714286,0.24000000000000002,0.36,0.26,130.43478260869566
203,6.0,120.0,M,1.421475,0.7221859,0.73500404,0.73500404,0.3752018,0.14407599999999998,0.5192778,76.30149,76.90252,73.79871,1.2540129999999998,-0.6090916000000001,1.200558575,-0.6080223119999999,0.26,0.34,0.28,115.3846153846154
204,7.0,120.0,M,1.740386,0.77184845,0.7853199125000001,0.7853199125000001,0.4323174,0.16944579999999992,0.6017631999999999,76.10372,78.28224,76.00975,1.508302,-0.6652601499999999,1.5315779454545455,-0.669726225,0.24000000000000002,0.38,0.26,115.3846153846154
205,8.0,120.0,M,1.5446364999999995,1.062293,0.8951351285714286,0.8951351285714286,0.4352838,0.19066679999999991,0.6259505999999999,84.80801,86.73385,81.61182,1.443767,-0.9950042,1.3330876308333337,-0.7945464285714285,0.26,0.38,0.28,115.3846153846154
206,9.0,120.0,M,1.6901275000000002,0.6158670999999999,0.7663290714285714,0.7663290714285714,0.4770720000000001,0.1830264,0.6600984000000001,82.36717,84.5918,82.13756,1.5884945,-0.5352020000000001,1.4770412750000002,-0.6330241999999999,0.26,0.38,0.27999999999999997,115.3846153846154
207,10.0,120.0,M,1.511631,0.9852466999999999,0.8786039833333333,0.8786039833333333,0.380796,0.15068290000000004,0.5314789000000001,78.66322,78.97489,74.66976,1.437801,-0.91193855,1.2046560000000002,-0.8096115833333334,0.28,0.38,0.3,115.3846153846154
208,11.0,120.0,M,1.663446,0.7879885999999999,0.776188825,0.776188825,0.4835157,0.19886199999999987,0.6823776999999999,69.2625,70.58018,66.79278000000001,1.320548,-0.6338093000000001,1.378590807692308,-0.602887725,0.26,0.39999999999999997,0.27999999999999997,115.3846153846154
209,12.0,120.0,M,1.9146165,0.7518958,0.7947913877777777,0.7947913877777777,0.4490773,0.1892324,0.6383097,73.78264,74.11849000000002,69.51612,1.7207134999999996,-0.6370524000000001,1.68353435,-0.5778640445555555,0.19999999999999998,0.38,0.24000000000000002,111.11111111111109
210,13.0,120.0,M,1.795147,1.053277,0.8968329285714286,0.8968329285714286,0.447794,0.18387360000000005,0.6316676,74.74723,76.40505,72.81215999999998,1.595218,-0.9365152,1.283860923076923,-0.7946003742857144,0.28,0.4,0.3,111.11111111111109
211,14.0,120.0,M,1.935316,0.9484007,0.8849229571428572,0.8849229571428572,0.4716658,0.17879720000000004,0.650463,74.62669,75.98550999999998,73.59734,1.7567175000000002,-0.8307108,1.5518879750000003,-0.7278177857142857,0.24,0.38,0.28,107.14285714285715
212,15.0,120.0,M,1.7840405,1.067792,0.9505877777777776,0.9505877777777776,0.4302088,0.21374880000000007,0.6439576,71.50568,75.72941,71.81933000000002,1.564399,-0.6173444,1.47559975,-0.4756040955555556,0.2,0.4,0.22000000000000003,115.3846153846154
213,16.0,120.0,M,1.592984,0.8905921,0.8555936285714285,0.8555936285714285,0.4469687,0.1843699,0.6313386,75.1489,75.17336,70.52962,1.471838,-0.8379091000000001,1.375680166666667,-0.6493632857142858,0.24000000000000002,0.38,0.28,111.11111111111109
214,17.0,120.0,M,1.884153,0.6589668000000001,0.8390230888888889,0.8390230888888889,0.446328,0.2023671,0.6486951,77.97353000000003,80.02994,78.21804,1.7162415000000002,-0.5482788000000001,1.5821196780000002,-0.3619510444444444,0.2,0.36,0.21999999999999997,120.0
215,18.0,120.0,M,1.807726,0.9070553,0.9223344,0.9223344,0.4337485,0.2043666999999999,0.6381151999999999,80.14101,82.18811,76.69800000000002,1.7274975,-0.8000444,1.5327026666666663,-0.7530697242857142,0.24,0.38,0.26,115.3846153846154
216,19.0,120.0,M,1.6941700000000002,1.0246304,0.93936341125,0.93936341125,0.4348288,0.1872626000000001,0.6220914000000001,77.36833,79.27434000000002,77.57011,1.531378,-0.6162434,1.50303159,-0.416849995,0.2,0.38,0.21999999999999997,120.0
217,20.0,120.0,M,1.574946,0.7249204,0.7361193416666666,0.7361193416666666,0.4296586,0.15410240000000006,0.583761,81.28445,81.62482,77.8989,1.399632,-0.6715333,1.2926983623076924,-0.6785377466666667,0.28,0.38,0.3,115.3846153846154
218,21.0,120.0,M,1.308175,0.5204641999999999,0.6233969428571429,0.6233969428571429,0.3656583,0.14316900000000002,0.5088273,85.54019,84.68417,82.94485999999998,1.2497535,-0.4319575,1.126712875,-0.5060706,0.26,0.37999999999999995,0.27999999999999997,103.44827586206895
219,22.0,120.0,M,1.393962,0.79475915,0.7510490166666667,0.7510490166666667,0.3383515,0.13929260000000002,0.4776441,80.44638,79.81975,76.74928,1.354307,-0.5991595999999999,1.2167043818181822,-0.4574941666666666,0.22,0.38,0.28,103.44827586206895
220,23.0,120.0,M,1.377381,0.7016861000000001,0.6842526733333333,0.6842526733333333,0.3631361,0.1400336000000001,0.5031697,80.90939,82.46384,80.45338000000002,1.322599,-0.4781477,1.2535879363636366,-0.39521449,0.21999999999999997,0.36000000000000004,0.26,107.14285714285714
221,24.0,120.0,M,1.11871835,0.727589,0.6463400000000001,0.6463400000000001,0.3451941,0.13327290000000006,0.478467,75.39291,75.40785,70.48326,0.99534655,-0.6843324000000001,1.0178423916666668,-0.5560203,0.26,0.38,0.27999999999999997,107.14285714285714
222,25.0,120.0,M,1.2389645,0.5078299000000001,0.6269314625,0.6269314625,0.3522031,0.1542517,0.5064548,79.45904,81.06557,77.2345,1.1569625,-0.4519455,1.07643175,-0.434870325,0.24000000000000002,0.38,0.26,120.0
223,26.0,120.0,M,1.549566,0.8018894,0.7299390333333333,0.7299390333333333,0.3349554,0.13478779999999996,0.4697432,85.48874,81.0705,79.38476,1.483678,-0.7476401,1.1947096363636365,-0.6861680666666666,0.26,0.36,0.27999999999999997,107.14285714285715
224,27.0,120.0,M,1.055781,0.4777848,0.4808780028571428,0.4808780028571428,0.2613377,0.09670080000000003,0.35803850000000004,77.62959000000002,77.78703,73.08005,0.8348447,-0.4526339,0.8873042363636362,-0.3774816257142857,0.24000000000000002,0.36,0.26,115.3846153846154
225,28.0,120.0,M,1.200406,0.7614379499999999,0.6802858166666667,0.6802858166666667,0.3243052,0.12994779999999995,0.454253,84.08910999999998,86.0359,83.71859,1.114704,-0.7165198500000001,0.9989369730769232,-0.5859754666666667,0.26,0.36,0.27999999999999997,125.0
226,29.0,120.0,M,1.301397,0.6520608,0.6278141616666666,0.6278141616666666,0.3225292,0.12088300000000002,0.4434122,79.23344,79.54793000000002,77.33466,1.154596,-0.6206268,0.9832164916666668,-0.6017156116666668,0.28,0.38,0.30000000000000004,120.0
227,30.0,120.0,M,1.2122915,0.7004642,0.6578060571428572,0.6578060571428572,0.3231413,0.13649239999999999,0.4596337,80.04243000000002,81.47368,79.28546999999998,1.08684145,-0.6600341,1.0443323916666667,-0.5514589914285714,0.24,0.36,0.26,120.0
228,31.0,120.0,M,1.31575,0.6698472,0.6022150333333333,0.6022150333333333,0.3682991,0.12142460000000001,0.4897237,82.84261,83.20976999999998,80.99175,1.1886812,-0.63675285,1.1541804083333334,-0.5077229833333333,0.24,0.33999999999999997,0.26,120.0
229,32.0,120.0,M,1.493435,0.6695455,0.6057318666666666,0.6057318666666666,0.3355798,0.11392430000000005,0.4495041,78.89005999999998,75.86925,74.66985,1.334496,-0.60860765,1.089127609090909,-0.5107140666666666,0.26,0.36,0.28,115.3846153846154
230,33.0,120.0,M,1.3430799999999998,0.6264833000000001,0.6263206666666666,0.6263206666666666,0.35002890000000003,0.13273869999999993,0.4827676,76.02019,75.94359,71.6646,1.2356525,-0.6003619000000001,1.1771867666666669,-0.53388985,0.24,0.34,0.26,115.3846153846154
231,34.0,120.0,M,1.212375,0.5455730999999999,0.5948634142857142,0.5948634142857142,0.3196148,0.12151700000000006,0.4411318,78.60106999999998,78.84156999999998,76.0103,1.11257545,-0.5182579,1.09881365,-0.4450260485714285,0.24000000000000002,0.36,0.26,115.3846153846154
232,35.0,120.0,M,1.203337,0.59901565,0.5827257066666666,0.5827257066666666,0.339812,0.1101625,0.4499745,77.83439,78.04205,76.0417,1.003053,-0.57175425,1.0874102363636362,-0.4528264633333334,0.24,0.33999999999999997,0.26,115.3846153846154
233,36.0,120.0,M,1.3173180000000002,0.6244028500000001,0.586793625,0.586793625,0.35601059999999995,0.11868270000000004,0.4746933,81.0723,81.08474,78.54273,1.2242629999999999,-0.6025523,1.1993932666666671,-0.476309385,0.24,0.33999999999999997,0.26,111.11111111111113
234,37.0,120.0,M,1.4749615,0.7429765499999998,0.6809093,0.6809093,0.3584653,0.12785760000000002,0.4863229,83.13964,84.31795,80.2772,1.4120834999999998,-0.346436,1.2799006499999996,-0.2650809,0.19999999999999998,0.33999999999999997,0.24000000000000002,115.3846153846154
235,38.0,120.0,M,1.090659,0.629185,0.6061247142857143,0.6061247142857143,0.3266768,0.13028190000000012,0.4569587000000001,80.60323000000002,83.32835,81.2729,1.050258,-0.5854512,1.1000754545454543,-0.4286644128571429,0.24,0.36,0.26,115.3846153846154
236,39.0,120.0,M,1.395232,0.66830185,0.656011525,0.656011525,0.2945123,0.10479579999999994,0.3993081,77.16322,78.96896,77.60589,1.3273905000000001,-0.6187289,1.0795489640000002,-0.6095522,0.26,0.33999999999999997,0.30000000000000004,115.3846153846154
237,40.0,120.0,M,1.377838,0.96521,0.8441625833333335,0.8441625833333335,0.3415762,0.14550170000000012,0.4870779000000001,80.65233,80.71848,75.07164,1.356161,-0.94018335,1.2563117545454543,-0.8246248833333335,0.28,0.38,0.3,111.11111111111109
238,1.0,80.0,L,1.877318,0.91265735,0.95624209,0.95624209,0.6061356999999999,0.2479641,0.8540998,72.24531999999998,73.43298,70.24191,1.673859,-0.71879375,1.531004174,-0.72284188,0.3,0.49999999999999994,0.34,90.9090909090909
239,2.0,80.0,L,2.071097,1.021829,1.0187054545454546,1.0187054545454546,0.6780973000000001,0.29045589999999977,0.9685532,74.87534000000002,78.25576,71.86749,1.826258,-0.7955825,1.7425067,-0.7254811181818183,0.29999999999999993,0.5399999999999999,0.36,81.08108108108108
240,3.0,80.0,L,1.938015,0.91054895,0.9602906385714284,0.9602906385714284,0.609226,0.33290290000000006,0.9421289,82.13698000000002,83.0234,73.16824,1.758502,-0.67283385,1.627763793333333,-0.6171752071928571,0.29999999999999993,0.58,0.31999999999999995,75.0
241,4.0,80.0,L,1.734114,0.9133478,1.0190984454545455,1.0190984454545455,0.6707585,0.3121481999999999,0.9829067,65.07404,69.09470999999999,65.90307,1.330031,-0.6644331,1.3442626555555557,-0.7817305363636364,0.38,0.58,0.4,78.94736842105263
242,5.0,80.0,L,1.697574,0.9307303,0.9817186538461538,0.9817186538461538,0.6894422,0.3336348,1.023077,75.95006,82.92149,76.42599,1.392584,-0.63061,1.5489022055555557,-0.6939381776923077,0.36000000000000004,0.6000000000000001,0.38000000000000006,75.0
243,6.0,80.0,L,1.842811,1.00069065,1.0047901583333336,1.0047901583333336,0.7318859999999999,0.3239170000000001,1.055803,73.38428,80.69604,74.70424,1.6671215,-0.69496435,1.5529439627777777,-0.7008359507500002,0.36,0.6,0.4,73.17073170731706
244,7.0,80.0,L,1.592335,0.83965225,0.9261243583333334,0.9261243583333334,0.6327364000000001,0.29120240000000003,0.9239388,74.91561999999998,79.21629,75.45078000000002,1.45076,-0.60233885,1.5182935117647056,-0.6715976533333333,0.36000000000000004,0.5800000000000001,0.38000000000000006,75.0
245,8.0,80.0,L,2.062648,0.8688449,0.94689426,0.94689426,0.6489319,0.34471009999999996,0.993642,74.1664,74.48544,69.52067,1.872516,-0.5252759,1.69153706,-0.5797415164,0.29999999999999993,0.6,0.31999999999999995,73.17073170731706
246,9.0,80.0,L,1.6884150000000002,0.8553026,0.8901070999999999,0.8901070999999999,0.6424524,0.26711820000000003,0.9095706,74.72074,79.94988000000002,74.91311,1.327562,-0.6401563,1.5047580470588235,-0.6899342772727274,0.36,0.5599999999999999,0.38,78.94736842105263
247,10.0,80.0,L,1.896833,0.8789572000000001,0.9490229033333334,0.9490229033333334,0.7176561,0.3197339,1.03739,81.35311,81.90051,79.02254,1.761627,-0.73886975,1.693748311764706,-0.7699527958333333,0.33999999999999997,0.58,0.38,76.92307692307692
248,11.0,80.0,L,2.200054,0.9236619,1.0505730357142855,1.0505730357142855,0.7101135000000001,0.3498954999999999,1.060009,68.93276999999999,73.13828000000002,66.76187,1.92538,-0.5419241,1.718682849333333,-0.577411045,0.30000000000000004,0.6,0.31999999999999995,78.94736842105263
249,12.0,80.0,L,1.9195115000000003,1.004939,1.095536318181818,1.095536318181818,0.7060805,0.3093625000000001,1.015443,74.2801,78.57428,74.26165,1.6356245,-0.6957726,1.6163101666666668,-0.826798069090909,0.38,0.58,0.4,76.92307692307692
250,13.0,80.0,L,2.073662,1.049484,1.038949757272727,1.038949757272727,0.6940149999999999,0.3156309999999999,1.0096459999999998,73.48704000000002,75.77837,71.43626,1.856832,-0.8103501000000001,1.7308025466666668,-0.7286411036363636,0.29999999999999993,0.5599999999999999,0.36,78.94736842105263
251,14.0,80.0,L,2.07756,0.94955675,0.974205125,0.974205125,0.7570194,0.3227965999999999,1.079816,74.04729,74.20003,70.66795,1.82257,-0.6534378000000001,1.7120708294117648,-0.6777467035,0.34,0.5800000000000001,0.38000000000000006,76.92307692307692
252,15.0,80.0,L,2.326848,0.9866443,1.0667343545454546,1.0667343545454546,0.7407433000000001,0.30512169999999994,1.045865,80.42222,84.63889,79.0079,1.901218,-0.7411406999999999,1.98179946,-0.7742261390909091,0.3,0.52,0.34,78.94736842105263
253,16.0,80.0,L,2.498822,1.164011,1.1468114900000002,1.1468114900000002,0.7637755,0.3541754999999999,1.117951,73.59688,75.75671,71.39157,2.037758,-0.9473088,1.8899409866666668,-0.8883538847272727,0.29999999999999993,0.5399999999999999,0.33999999999999997,85.71428571428571
254,17.0,80.0,L,1.903171,1.058013,1.1487862454545452,1.1487862454545452,0.7094874,0.32219159999999997,1.031679,78.33524,81.59903,78.47399,1.6686360000000002,-0.8913196,1.6011277666666668,-1.010483638181818,0.37999999999999995,0.5800000000000001,0.39999999999999997,78.94736842105263
255,18.0,80.0,L,1.829553,0.93370865,0.9244798959999999,0.9244798959999999,0.6687797,0.2573874999999999,0.9261672,75.91816999999998,76.34579000000002,75.1674,1.603249,-0.82417845,1.538352535294118,-0.7283817279999999,0.34,0.5800000000000001,0.39999999999999997,76.92307692307692
256,19.0,80.0,L,1.7768495,0.9600123,1.01175186,1.01175186,0.6688293000000001,0.2924292999999999,0.9612586,78.305,82.97264,79.65488,1.5127609999999998,-0.7577214,1.543007705555555,-0.8005093109999999,0.36,0.5599999999999999,0.4,76.92307692307692
257,20.0,80.0,L,2.277576,0.99828695,1.0058062,1.0058062,0.6904942,0.2791956000000002,0.9696898000000002,76.64964,82.30103000000003,74.39633,2.074329,-0.7849990499999999,1.824629,-0.7110898809999999,0.30000000000000004,0.54,0.36,81.08108108108108
258,21.0,80.0,L,1.667531,1.047675,0.9601570285714284,0.9601570285714284,0.5700847,0.1950198,0.7651045,68.66234,68.22443,63.33582,1.468438,-0.9395128,1.50843172,-0.8741205714285715,0.32,0.46,0.36000000000000004,93.75
259,22.0,80.0,L,2.156674,0.8945228999999999,0.916075775,0.916075775,0.6130725,0.2353626000000001,0.8484351000000001,78.42712,77.8674,75.61910999999998,1.9588134999999998,-0.7828134,1.7455546642857145,-0.7896766875,0.3,0.44,0.32,96.77419354838709
260,23.0,80.0,L,1.831668,0.8192495000000001,0.8968921000000001,0.8968921000000001,0.5778808000000001,0.26578759999999996,0.8436684000000001,67.78763000000001,66.04329,58.72804,1.627684,-0.67783,1.4105767933333333,-0.6788243714545454,0.3,0.52,0.34,85.71428571428572
261,24.0,80.0,L,1.7146830000000002,1.06445,1.0287115125,1.0287115125,0.5689483,0.2414795000000001,0.8104278,69.59055,68.85472,61.03999,1.388267,-0.9299959,1.4476619,-0.9236464375,0.36000000000000004,0.49999999999999994,0.37999999999999995,88.23529411764706
262,25.0,80.0,L,2.1744305,1.02048465,0.9335305620000002,0.9335305620000002,0.5981911,0.2417223000000001,0.8399134,71.79576999999998,71.65397,66.02476999999999,1.9422785,-0.6560743500000001,1.77391055,-0.494185192,0.24000000000000002,0.45999999999999996,0.26,90.9090909090909
263,26.0,80.0,L,2.059368,0.77669615,0.8931800260000001,0.8931800260000001,0.5825815,0.26531610000000005,0.8478976,71.27043,71.25520999999998,62.9449,1.8239875,-0.6579968,1.60047365,-0.7142312940000001,0.28,0.46,0.3,90.9090909090909
264,27.0,80.0,L,1.817338,0.7957632,0.7820225000000001,0.7820225000000001,0.5532655,0.1968042,0.7500697,72.14596999999998,72.24122,68.1403,1.7299060000000002,-0.6897238,1.5155665642857143,-0.6729485875,0.30000000000000004,0.43999999999999995,0.31999999999999995,93.75
265,28.0,80.0,L,1.637205,0.9775128,0.94208025125,0.94208025125,0.5744994000000001,0.2296858999999999,0.8041853,70.85171,69.86480999999999,64.9454,1.470531,-0.8550475000000001,1.4036045400000003,-0.8473539099999999,0.33999999999999997,0.48,0.36,96.77419354838709
266,29.0,80.0,L,1.8251415000000002,0.9802277,0.914042679,0.914042679,0.5000216,0.2347317000000001,0.7347533,72.20105,71.83292,66.71131,1.654832,-0.6405854999999999,1.5365011999999998,-0.49193550700000005,0.24,0.45999999999999996,0.26,93.75
267,30.0,80.0,L,1.450849,1.1540700000000002,1.0575423428571429,1.0575423428571429,0.5338582,0.20512139999999998,0.7389796,74.43226999999997,73.85596,71.42891999999998,1.316542,-1.032747,1.3723148648666668,-0.9640510714285714,0.33999999999999997,0.48,0.38,93.75
268,31.0,80.0,L,1.891912,0.7431687,0.8683251111111111,0.8683251111111111,0.5374029,0.2458962,0.7832991,82.22912,78.30859,75.26205,1.755379,-0.6172051,1.5680346500000002,-0.7296258666666666,0.3,0.46,0.32,90.90909090909092
269,32.0,80.0,L,1.698853,0.68307225,0.81138367375,0.81138367375,0.5272498999999999,0.21275140000000012,0.7400013000000001,69.38315,68.87738,65.50216,1.551078,-0.52137545,1.5156241,-0.6044101675,0.26,0.42000000000000004,0.3,100.0
270,33.0,80.0,L,1.818564,0.7728024,0.8276020500000001,0.8276020500000001,0.5531678000000001,0.21200099999999988,0.7651688,63.24046,63.16217,55.90191,1.4026379999999998,-0.5849831000000001,1.4131993571428574,-0.584464826,0.28,0.48,0.32,90.90909090909092
271,34.0,80.0,L,1.946693,0.964036,0.89439148,0.89439148,0.5432808000000001,0.2274141999999999,0.770695,72.40041,71.87691,66.64636,1.7628605000000002,-0.6178566999999999,1.6284927833333331,-0.478962917,0.24,0.45999999999999996,0.26,96.77419354838713
272,35.0,80.0,L,1.951758,0.6306345,0.7097695637500001,0.7097695637500001,0.5520174,0.1842752,0.7362926,73.60101,71.51042,69.16563000000001,1.7388605,-0.567928,1.4801937357142854,-0.5776196524999999,0.28,0.42000000000000004,0.3,100.0
273,36.0,80.0,L,1.749416,0.8645911500000001,0.894633,0.894633,0.6141453,0.2201754,0.8343207,72.41767,68.6956,61.87648000000001,1.520586,-0.79630345,1.3923512764705883,-0.8110448562499999,0.33999999999999997,0.48,0.36,90.9090909090909
274,37.0,80.0,L,1.9388470000000002,0.9524547,0.8978020350000001,0.8978020350000001,0.5328921999999999,0.23101590000000005,0.7639081,73.3173,73.01100000000002,70.14674000000001,1.7910765,-0.57174125,1.676158316666667,-0.458081243,0.24,0.46,0.26,93.75
275,38.0,80.0,L,1.890749,1.02475455,1.0258999125,1.0258999125,0.5889435000000001,0.22323799999999994,0.8121815,73.77405999999998,73.71049000000002,72.63395,1.599127,-0.8317161,1.6762671076923077,-0.6871439624999999,0.26,0.4600000000000001,0.32000000000000006,93.75
276,39.0,80.0,L,1.817685,0.81702325,0.8387617900000001,0.8387617900000001,0.5460951,0.2161420999999999,0.7622372,67.23438,65.84222,60.45179,1.6017549999999998,-0.5994238000000001,1.5382004692307694,-0.6094763839999999,0.26,0.46,0.3,96.77419354838709
277,40.0,80.0,L,1.9646305,0.9185627,0.7918465571428571,0.7918465571428571,0.5420748000000001,0.18347489999999989,0.7255497,69.5556,69.31477,68.23599,1.67528,-0.758293,1.5219783214285711,-0.6441814257142857,0.30000000000000004,0.41999999999999993,0.31999999999999995,93.75
278,1.0,100.0,L,2.234411,0.8379976,1.0818689355555555,1.0818689355555555,0.6787211999999999,0.2953636000000001,0.9740848,75.46266,77.17447,74.37465999999998,2.005525,-0.700258,1.9654355,-0.7990848044333334,0.26,0.43999999999999995,0.30000000000000004,100.0
279,2.0,100.0,L,2.233089,1.128424,1.0814969111111108,1.0814969111111108,0.6967083000000001,0.3111466999999999,1.007855,79.26312,80.27301,77.66587,2.062975,-0.9768542,2.103943,-0.7794533522222221,0.26,0.48000000000000004,0.32,88.23529411764706
280,3.0,100.0,L,2.396154,0.9511391,0.9770545583333332,0.9770545583333332,0.7264453000000001,0.28121169999999995,1.007657,80.35197,79.62299,77.71656,2.242752,-0.5195334,2.1118508307692307,-0.5619241216666666,0.26,0.48000000000000004,0.27999999999999997,90.9090909090909
281,4.0,100.0,L,1.966992,0.98137615,1.0517121180000002,1.0517121180000002,0.7234508000000001,0.3105151999999999,1.033966,76.49594,75.92600999999998,73.3083,1.724775,-0.8284705499999999,1.7343375352941182,-0.927065568,0.36,0.54,0.38,81.08108108108108
282,5.0,100.0,L,2.255033,0.89850125,1.03139795,1.03139795,0.7210653,0.26962279999999994,0.9906881,74.97756,71.4202,69.17164,2.051398,-0.77031575,1.7417377933333331,-0.8246146000000001,0.3,0.5,0.34,90.9090909090909
283,6.0,100.0,L,2.601692,1.27478,1.2112922599999998,1.2112922599999998,0.7491838000000001,0.34941319999999976,1.0985969999999998,75.78056,75.44906,70.68030999999998,2.315505,-0.8222615,2.1557512538461547,-0.6952437028181818,0.26,0.5,0.28,88.23529411764706
284,7.0,100.0,L,2.3753985,0.8993631,1.0378018225,1.0378018225,0.7297241,0.3147189,1.044443,80.95264,83.08878,77.38136999999998,2.042447,-0.7356153000000001,2.063902085714286,-0.8329434625,0.28,0.5,0.30000000000000004,85.71428571428572
285,8.0,100.0,L,2.896743,0.8683298,1.0645072999999998,1.0645072999999998,0.7839546,0.3151894000000002,1.099144,82.54784000000002,83.29873,77.87965,2.415677,-0.7474494,2.3872116923076927,-0.8120042000000001,0.26,0.46,0.27999999999999997,96.77419354838709
286,9.0,100.0,L,2.492872,1.09354545,1.21953253,1.21953253,0.7994264,0.3261046000000001,1.125531,80.26025,80.92775999999998,75.47118,2.259112,-0.8778741500000001,2.3394528230769227,-0.9044581728,0.26,0.45999999999999996,0.3,93.75
287,10.0,100.0,L,2.460093,1.0752769999999998,1.07167362,1.07167362,0.6396849,0.2804973000000001,0.9201822,79.68061999999998,82.17768000000002,75.71574,2.266916,-0.75838785,2.2003468,-0.620756216,0.21999999999999997,0.43999999999999995,0.24,90.90909090909092
288,11.0,100.0,L,2.5706555,1.033325,1.1537516636363636,1.1537516636363636,0.7593356,0.3401584,1.099494,75.68715999999998,77.60741999999998,72.62646,2.266392,-0.8100042,1.9723916214285715,-0.9034681363636364,0.28,0.48,0.30000000000000004,93.75
289,12.0,100.0,L,2.09981,1.139457,1.150521825,1.150521825,0.6397265000000001,0.2712670999999999,0.9109936,73.0256,77.41534,73.07538000000002,1.82127,-0.866762,1.5837192,-0.89773277375,0.3,0.43999999999999995,0.32,100.0
290,13.0,100.0,L,2.454053,1.03154515,1.16836525,1.16836525,0.6971588000000001,0.28638529999999984,0.9835441,82.67553000000002,82.56161,80.84166,2.098679,-0.9036554,2.1320716615384616,-1.05141231375,0.30000000000000004,0.44000000000000006,0.32000000000000006,96.77419354838709
291,14.0,100.0,L,2.43725,1.144609,1.0940064727272727,1.0940064727272727,0.7042109000000001,0.3191550999999999,1.023366,73.46087,76.26584,71.83041,2.071701,-0.6855165,1.9650010461538456,-0.6172013272727274,0.26,0.49999999999999994,0.27999999999999997,88.23529411764706
292,15.0,100.0,L,2.389508,0.7756945,0.97346433,0.97346433,0.6454404,0.2835152999999999,0.9289557,71.24492,72.96424,71.03328,1.851335,-0.6182046999999999,1.908045753846154,-0.72241609,0.26,0.44,0.28,100.0
293,16.0,100.0,L,2.420175,1.00477245,0.9884662409999999,0.9884662409999999,0.6389361,0.2498473000000001,0.8887834000000001,69.89046,70.26859,68.11086,2.048614,-0.67073855,1.9766254166666668,-0.562619781,0.24,0.46,0.26,93.75
294,17.0,100.0,L,2.3905925,1.367665,1.2323238711111109,1.2323238711111109,0.7350875,0.3200875,1.055175,74.56909,74.72684,72.80015999999998,1.9815015,-1.144764,2.0782682785714286,-1.049347356666667,0.30000000000000004,0.48,0.3400000000000001,90.9090909090909
295,18.0,100.0,L,2.361663,1.105341,1.1347546,1.1347546,0.701218,0.2724450999999999,0.9736631,74.68324,76.63644000000002,73.98058,2.151277,-0.9515998,1.9167990892307696,-0.8188109477777777,0.26,0.48,0.32,93.75
296,19.0,100.0,L,2.049538,0.8969424000000001,1.0420079555555557,1.0420079555555557,0.6900501,0.27745869999999995,0.9675088,65.55093000000001,66.08261999999999,61.34691,1.378735,-0.7177640000000001,1.5738834266666666,-0.8898999277777777,0.33999999999999997,0.5,0.36,90.90909090909092
297,20.0,100.0,L,2.238407,0.9013879,1.0511637555555555,1.0511637555555555,0.7201398,0.2938982,1.014038,70.12236,70.56846999999998,65.84543000000001,1.947797,-0.726755,1.8759382142857144,-0.8844814222222221,0.3,0.46,0.32,96.77419354838709
298,21.0,100.0,L,1.698162,0.90957855,0.90314216,0.90314216,0.5802223000000001,0.2267005,0.8069228,81.15363,79.44258,77.46880999999998,1.5787209999999998,-0.8304243,1.4217163062500002,-0.825203605,0.33999999999999997,0.48,0.36,90.90909090909092
299,22.0,100.0,L,1.7791815,0.8076865,0.8172567,0.8172567,0.5129805000000001,0.2083759999999999,0.7213565,82.25159000000002,82.37033000000002,78.05906,1.6940589999999998,-0.7435095,1.5208765642857138,-0.7304520750000001,0.3,0.44,0.32,90.90909090909092
300,23.0,100.0,L,1.7728389999999998,0.6362468000000001,0.7138827037500002,0.7138827037500002,0.5095638,0.185168,0.6947318,76.91631,76.51786,74.23572,1.7078925,-0.5510914000000001,1.4930551857142855,-0.55699662,0.27999999999999997,0.42,0.3,96.77419354838709
301,24.0,100.0,L,1.575315,1.0517546,0.91524678625,0.91524678625,0.5138263,0.2102617000000001,0.7240880000000001,73.9999,73.94859,64.86395999999999,1.3979855,-0.9875154,1.3669114000000004,-0.856903905,0.3,0.45999999999999996,0.33999999999999997,93.75
302,25.0,100.0,L,1.680506,0.76967775,0.8217668640000001,0.8217668640000001,0.491828,0.21472240000000006,0.7065504,79.66252,79.55846,74.57661,1.563416,-0.6639820999999999,1.4525062923076923,-0.6335841050000001,0.26,0.45999999999999996,0.3,93.75
303,26.0,100.0,L,1.7378634999999998,0.9354346,0.9702012222222224,0.9702012222222224,0.4860938,0.223163,0.7092568,77.66344000000002,78.08331,72.60280999999998,1.6096545,-0.7521741,1.4950523833333331,-0.5959699666666667,0.24000000000000002,0.43999999999999995,0.26,96.77419354838709
304,27.0,100.0,L,1.7749419999999998,0.8742584999999999,0.71689229,0.71689229,0.4616332,0.15794129999999998,0.6195745,71.96928,71.82471,66.68025,1.6906419999999998,-0.8014161,1.3993871153846154,-0.65495386,0.28,0.4,0.30000000000000004,96.77419354838713
305,28.0,100.0,L,1.632243,0.5864501,0.6301877787500001,0.6301877787500001,0.4405416,0.1615129,0.6020545,69.66183000000001,69.86017,64.81363,1.265743,-0.512368,1.3324389307692308,-0.4874166375000001,0.26,0.4,0.28,100.0
306,29.0,100.0,L,1.602826,0.8544356,0.8098547862500001,0.8098547862500001,0.4670193,0.1978067,0.664826,81.22381999999998,78.28687,73.50375,1.528901,-0.7740694,1.3319123857142858,-0.7392363575,0.30000000000000004,0.44000000000000006,0.32000000000000006,93.75
307,30.0,100.0,L,1.550662,0.741312,0.78162891,0.78162891,0.4736899000000001,0.20182219999999995,0.6755121000000001,73.90437,73.57571999999998,67.83118,1.46744,-0.6735767,1.439325592307692,-0.6324653472625,0.26,0.4,0.28,107.14285714285715
308,31.0,100.0,L,1.484662,0.8159257,0.7158052142857142,0.7158052142857142,0.4461669,0.16522450000000005,0.6113914,71.0815,71.12991,67.82072,1.335427,-0.7135216999999999,1.3362652461538465,-0.5750546128571429,0.26,0.37999999999999995,0.27999999999999997,107.14285714285715
309,32.0,100.0,L,1.7892185,1.078785,0.9436245155555556,0.9436245155555556,0.4236004,0.20717870000000005,0.6307791,80.12592,75.1059,69.58397,1.6557689999999998,-0.6641484000000001,1.54953347,-0.4922178466666666,0.2,0.39999999999999997,0.22000000000000003,107.14285714285714
310,33.0,100.0,L,1.446581,0.5540248000000001,0.7290572644444445,0.7290572644444445,0.4593196,0.2053711,0.6646907,73.9623,74.16388,67.19476,1.271324,-0.4983425,1.2614446471428569,-0.5765368022222223,0.28,0.44000000000000006,0.3,100.0
311,34.0,100.0,L,1.3322615,0.97479265,0.8670926333333333,0.8670926333333333,0.4223634,0.14932550000000006,0.5716889,69.96387,68.10327,64.271,1.1908535,-0.85923065,1.0843827085714286,-0.7717155166666666,0.36,0.45999999999999996,0.38,90.90909090909092
312,35.0,100.0,L,1.499347,0.74132815,0.67857448875,0.67857448875,0.4406152,0.1728455,0.6134607,75.164,75.34505,71.01083,1.434576,-0.68621545,1.335862253846154,-0.55308897375,0.26,0.39999999999999997,0.28,100.0
313,36.0,100.0,L,1.597858,0.9499996999999999,0.9366211875,0.9366211875,0.4584475000000001,0.20450869999999988,0.6629562,69.13364,69.56282,62.07471,1.302359,-0.8725816499999999,1.3215863615384615,-0.7083144499999999,0.26,0.46,0.32,90.9090909090909
314,37.0,100.0,L,1.703468,0.8577870999999999,0.7775921142857143,0.7775921142857143,0.42693,0.16055359999999985,0.5874835999999999,73.97867,74.24764,69.68949,1.5003715,-0.7925388000000001,1.3280427166666666,-0.7132697028571429,0.3,0.42,0.32,96.77419354838709
315,38.0,100.0,L,1.429836,0.4682675,0.6383816,0.6383816,0.4195937,0.18296339999999994,0.6025571,71.13509,72.32642,68.34940999999999,1.2317494999999998,-0.3700958,1.3046571000000002,-0.4697010288888889,0.26,0.42000000000000004,0.27999999999999997,96.77419354838709
316,39.0,100.0,L,1.55613,0.93724955,0.869097131,0.869097131,0.4616955,0.2220781,0.6837736,67.03421999999999,68.00529,61.86299,1.400927,-0.6698687999999999,1.2835146615384616,-0.486387875,0.26,0.48,0.28,90.90909090909092
317,40.0,100.0,L,1.521963,0.7264518499999999,0.759826982,0.759826982,0.444811,0.19981880000000007,0.6446298,71.15276,72.19256999999998,67.18074,1.420801,-0.6375021,1.342503753846154,-0.5778221763,0.26,0.46,0.3,90.9090909090909
318,1.0,120.0,L,2.4686615,1.5087700000000002,1.3000303285714288,1.3000303285714288,0.6880403,0.27634419999999993,0.9643845,75.22511,76.76697,73.97439,2.1608535,-1.242178,1.9223239642857144,-1.0791833142857143,0.28,0.4,0.30000000000000004,107.14285714285715
319,2.0,120.0,L,2.685107,1.0964315,1.1961716,1.1961716,0.8007088000000001,0.3071721999999998,1.107881,76.19769000000002,79.87914,77.76231999999997,2.080347,-0.8505935,2.2431485230769233,-0.86658089,0.26,0.4,0.28,111.11111111111109
320,3.0,120.0,L,2.7616445,0.9950631,1.16752875,1.16752875,0.8031955,0.33875750000000004,1.141953,80.99831,84.4528,80.34163000000002,2.3691245,-0.62382835,2.410716416666667,-0.7538682722000001,0.24,0.42000000000000004,0.26,107.14285714285714
321,4.0,120.0,L,2.7779130000000003,1.1770969999999998,1.15055727,1.15055727,0.8030712,0.29713480000000003,1.100206,84.38871999999998,87.18859,83.03474,2.561476,-0.7385020999999999,2.32223505,-0.7578673699999999,0.24,0.43999999999999995,0.27999999999999997,103.44827586206895
322,5.0,120.0,L,2.3802220000000003,0.8213234500000001,1.0870782900000002,1.0870782900000002,0.6936813000000001,0.3179477000000001,1.011629,79.66666,79.3647,75.6806,2.038355,-0.7011015,2.1964088,-0.8322022499999999,0.26,0.43999999999999995,0.27999999999999997,103.44827586206895
323,6.0,120.0,L,2.719576,1.267136,1.25135244125,1.25135244125,0.7248584,0.3142575999999999,1.039116,80.14461999999997,81.35899,78.0622,2.492134,-1.104276,2.128277746153846,-1.1172329687500002,0.28,0.41999999999999993,0.30000000000000004,107.14285714285714
324,7.0,120.0,L,2.3892785,1.1381655000000002,1.163361075,1.163361075,0.6931921,0.29211479999999995,0.9853069,69.42255,70.09111,67.55449,1.9494,-0.87545655,1.7884982466666666,-0.7736853124999999,0.24,0.44,0.3,111.11111111111109
325,8.0,120.0,L,2.762471,1.316053,1.2943503975,1.2943503975,0.7322104,0.3250565999999999,1.057267,73.45879000000002,71.29446999999998,68.71223,2.398777,-1.037815,2.0529770615384617,-1.06952436875,0.28,0.42,0.3,103.44827586206895
326,9.0,120.0,L,2.3788240000000003,1.1959879999999998,1.0376517428571428,1.0376517428571428,0.5773156,0.23358270000000006,0.8108983000000001,78.79434,79.844,77.07384,2.169262,-1.02154,2.013781118181818,-0.8517104285714286,0.24000000000000002,0.36,0.26,115.3846153846154
327,10.0,120.0,L,2.015035,0.95522565,1.04509295,1.04509295,0.6589626000000001,0.26686849999999995,0.9258311,72.88096,74.50842,72.53113,1.7685110000000002,-0.78258965,1.7771093630769232,-0.80848969375,0.26,0.4,0.28,111.11111111111113
328,11.0,120.0,L,2.020251,0.6504415,0.9632950666666664,0.9632950666666664,0.6309989,0.2727027999999999,0.9037017,75.44312,74.5196,69.29015,1.816676,-0.5589278,1.7512121076923082,-0.7281813,0.26,0.42000000000000004,0.28,107.14285714285714
329,12.0,120.0,L,2.496389,1.139467,0.9944146285714286,0.9944146285714286,0.6703988000000001,0.2235039,0.8939027,77.92863,75.34904,73.67891999999998,2.275048,-1.000028,1.9027135769230767,-0.8625872457142858,0.27999999999999997,0.39999999999999997,0.3,107.14285714285715
330,13.0,120.0,L,2.335086,1.159936,1.0174467285714286,1.0174467285714286,0.6446085,0.2217931999999999,0.8664016999999999,74.3703,74.76353,72.55915,2.162056,-1.041101,1.8960283538461535,-0.9036724971428572,0.28,0.39999999999999997,0.3,107.14285714285714
331,14.0,120.0,L,2.428925,1.177449,1.1233827855555556,1.1233827855555556,0.571237,0.2436643000000001,0.8149013,71.42389,72.06307,70.06339,2.1302095000000003,-0.6318909,1.97334492,-0.4709932233333333,0.2,0.39999999999999997,0.22000000000000003,111.11111111111109
332,15.0,120.0,L,2.46128,1.0088609,0.9983464375,0.9983464375,0.6670169,0.2514257999999999,0.9184427,73.61514,72.64356,70.98199,2.277479,-0.8821408500000001,1.8305349615384616,-0.8648747875,0.28,0.42000000000000004,0.3,107.14285714285714
333,16.0,120.0,L,2.0837765,0.7398018,0.8426654874999999,0.8426654874999999,0.5161135,0.2128762,0.7289897,68.26169,72.4188,69.65182,1.5549445,-0.5394531,1.4956088833333332,-0.5486484625,0.24,0.38,0.26,107.14285714285715
334,17.0,120.0,L,2.379578,1.221799,1.0951904833333332,1.0951904833333332,0.5641811,0.19240790000000008,0.7565890000000001,66.63264000000001,68.29986,67.1398,1.907088,-0.98630005,1.602584,-0.8743823633333333,0.26,0.36,0.28,120.0
335,18.0,120.0,L,2.260694,0.975611,0.8801930285714284,0.8801930285714284,0.5640841,0.20226270000000013,0.7663468000000001,78.67463000000002,85.55955,80.00808,2.0368880000000003,-0.8576902,1.839691145454546,-0.7198836999999999,0.24,0.36,0.26,115.3846153846154
336,19.0,120.0,L,2.3322205,0.9221424,0.8640134328571428,0.8640134328571428,0.5469519,0.19794390000000006,0.7448958000000001,82.87745,80.1515,75.90688,2.0800305000000003,-0.4066657,2.03244353,-0.5133469944285715,0.19999999999999998,0.33999999999999997,0.24000000000000002,115.3846153846154
337,20.0,120.0,L,2.400057,1.222888,1.0711841999999998,1.0711841999999998,0.6545629,0.2269374000000001,0.8815003,76.98231,80.10933,78.0436,2.236682,-1.092001,1.821375457692308,-0.9540832771428572,0.28,0.4,0.30000000000000004,107.14285714285715
338,21.0,120.0,L,1.6667074999999998,0.90813585,0.8999142337500001,0.8999142337500001,0.4556913,0.19651120000000005,0.6522025,72.05055,71.78086,68.71285,1.4869715000000001,-0.7713526500000001,1.4486947499999998,-0.7863727900000002,0.26,0.4,0.28,111.11111111111109
339,22.0,120.0,L,1.522026,0.6212674,0.7866255,0.7866255,0.4809991,0.21256999999999995,0.6935690999999999,72.99361,74.71485,72.28113,1.3473614999999999,-0.4906251500000001,1.2963072142857144,-0.6066687175,0.28,0.42000000000000004,0.3,103.44827586206895
340,23.0,120.0,L,1.8810435,0.69409805,0.8323143624999999,0.8323143624999999,0.5005701,0.21015509999999996,0.7107252,80.24847,78.91395,76.09515,1.739418,-0.62987405,1.692334166666667,-0.6163458,0.24,0.38,0.26,107.14285714285715
341,24.0,120.0,L,2.021903,0.8027783500000001,0.87519339625,0.87519339625,0.4646837,0.20800430000000006,0.6726880000000001,84.94751,85.13297,82.18476,1.8995175,-0.6226590999999999,1.85091217,-0.5761376975,0.2,0.36,0.24,103.44827586206895
342,25.0,120.0,L,1.7867675000000005,0.9002114999999999,0.8121310142857142,0.8121310142857142,0.4768178,0.1835459,0.6603637,78.05019,78.61147,75.24961,1.5842519999999998,-0.8125849,1.5437541333333331,-0.63963348,0.24,0.36,0.26,115.3846153846154
343,26.0,120.0,L,1.7529400000000002,1.118226,0.9563068957142856,0.9563068957142856,0.4951925999999999,0.21540860000000003,0.7106011999999999,83.97981999999998,84.92648,81.55105,1.6347155,-1.038732,1.5197231916666667,-0.8754441014285713,0.26,0.38,0.28,115.3846153846154
344,27.0,120.0,L,1.6944485,0.8688434000000002,0.7797452214285714,0.7797452214285714,0.4519645000000001,0.17467579999999994,0.6266403,79.94386,80.07869000000002,77.24384,1.5764665,-0.8033475,1.5223274833333331,-0.6152446992857143,0.24,0.36,0.26,111.11111111111113
345,28.0,120.0,L,2.037897,1.1282705,1.03435568625,1.03435568625,0.4625573,0.2229965000000001,0.6855538000000001,80.06819,81.57305,78.87794,1.892297,-0.5667298500000001,1.7859723666666665,-0.36343134125,0.18,0.36,0.2,120.0
346,29.0,120.0,L,1.83841,1.050531,0.9507419285714284,0.9507419285714284,0.4696135,0.2008139,0.6704274,80.55033,82.72703,79.49784,1.644844,-0.9621393,1.457626575,-0.8365039285714285,0.26,0.38,0.27999999999999997,120.0
347,30.0,120.0,L,1.9321295,0.7084451,0.6974407933333334,0.6974407933333334,0.4234218,0.13794720000000005,0.561369,85.21059,87.31681,86.13969,1.8127755,-0.64076455,1.7195474899999996,-0.4811813255,0.2,0.3,0.21999999999999997,120.0
348,31.0,120.0,L,2.009338,0.6667115000000001,0.6967127,0.6967127,0.3923454,0.13515079999999996,0.5274962,81.13043,80.69377,76.63011999999998,1.831237,-0.50853835,1.7149329444444446,-0.42439445,0.18,0.3,0.22000000000000003,125.0
349,32.0,120.0,L,1.741141,1.1081947,0.9664621833333332,0.9664621833333332,0.424558,0.16769730000000005,0.5922553,78.10967,78.03912,73.78586,1.503701,-1.0499571,1.5339283,-0.9209709166666666,0.26,0.36,0.28,120.0
350,33.0,120.0,L,1.974365,0.756269,0.766386757142857,0.766386757142857,0.4157998,0.15310310000000016,0.5689029000000001,79.85789,79.9638,78.35423,1.941279,-0.11921489999999994,1.7284727666666666,-0.11676214285714287,0.18,0.32,0.2,120.0
351,34.0,120.0,L,2.204129,0.8931496999999999,0.9310037444444446,0.9310037444444446,0.4929422000000001,0.22445789999999988,0.7174001,83.69503,86.94694,79.06933000000002,2.095939,-0.4355089,2.078226911111111,-0.3507514955555554,0.18,0.36,0.2,115.3846153846154
352,35.0,120.0,L,2.304562,0.9358030999999999,0.9495566,0.9495566,0.4856215,0.220459,0.7060805,85.39317,86.75068,83.24632,2.248009,-0.3669415,2.1037149444444445,-0.328207025,0.18,0.34,0.2,115.3846153846154
353,36.0,120.0,L,1.750795,0.9367147,0.8285983714285715,0.8285983714285715,0.4800651,0.18309840000000005,0.6631635,83.65932,84.52904000000002,80.30898,1.62388,-0.8529825000000001,1.4384442161538462,-0.7109350142857143,0.28,0.4,0.3,111.11111111111109
354,37.0,120.0,L,1.814318,1.0163506,0.9195907875,0.9195907875,0.442439,0.18404940000000006,0.6264884000000001,85.55882,85.94905,81.42393,1.7922509999999998,-0.5409514000000001,1.7830148777777777,-0.322992595,0.18,0.36,0.2,115.3846153846154
355,38.0,120.0,L,1.6402855,0.9738078,0.8469583266666666,0.8469583266666666,0.4504666,0.15741390000000005,0.6078805,76.49037,76.27718,72.8945,1.4998185,-0.8778226,1.48005235,-0.7549508166666666,0.26,0.36000000000000004,0.28,130.43478260869566
356,39.0,120.0,L,1.812362,0.6292492,0.7265192285714287,0.7265192285714287,0.3846636,0.14753480000000008,0.5321984000000001,84.92396,87.01659000000002,83.65711999999998,1.7837349999999998,-0.1876976,1.6563085111111107,-0.15947960000000005,0.18,0.32,0.2,120.0
357,40.0,120.0,L,1.800795,0.9152801,0.8769391000000001,0.8769391000000001,0.445,0.17519379999999998,0.6201938,78.27067,79.83063,78.26501,1.6409599999999998,-0.8248923,1.461794225,-0.7456766142857144,0.24,0.38,0.27999999999999997,120.0
