,Trial,BPM,GestureSize,MedianVelocityRegionOne,MedianVelocityRegionTwo,MeanVelocityRegionOne,MeanVelocityRegionTwo
0,1.0,80.0,S,1.0805,0.6071095999999999,0.9796649533333336,0.5777103487499999
1,2.0,80.0,S,0.9591283000000002,0.5662216999999999,0.8636201062500001,0.49306297111111114
2,3.0,80.0,S,1.0775208,0.6532759000000001,1.003820125,0.576459255
3,4.0,80.0,S,1.1405835,0.5097696,0.9879920285714284,0.5633312444444444
4,5.0,80.0,S,1.131928,0.5307626,1.0024719933333333,0.5881671188888888
5,6.0,80.0,S,1.0545716,0.6468519,1.0359952562499999,0.62474743
6,7.0,80.0,S,1.065533,0.686721,1.0867517933333335,0.6394606666666667
7,8.0,80.0,S,1.1420815000000002,0.6843935,1.1312376142857143,0.6721862355555556
8,9.0,80.0,S,1.2815729999999999,0.7263056999999999,1.2536167,0.7003375900000001
9,10.0,80.0,S,1.253284,0.6060726,1.1394489529411767,0.645560293
10,11.0,80.0,S,1.2042549999999999,0.52884735,1.0776497200000001,0.562841435
11,12.0,80.0,S,1.139921,0.4980633,1.1022238384615386,0.5724125625
12,13.0,80.0,S,0.9949524,0.6997072,0.9373335466666665,0.658693275
13,14.0,80.0,S,0.8666347,0.6466115,0.8289583250000002,0.5870170666666668
14,15.0,80.0,S,1.06132895,0.5913139000000001,0.9510447357142857,0.59412754
15,16.0,80.0,S,1.031303,0.6231211,0.9979647333333336,0.6565907222222224
16,17.0,80.0,S,0.92155565,0.6301475000000001,0.8807035875000001,0.5991545888888888
17,18.0,80.0,S,0.9958509499999999,0.6316029000000001,0.965160075,0.5479687977777777
18,19.0,80.0,S,0.9501287,0.5971661,0.9066671214285716,0.5404091222222223
19,20.0,80.0,S,0.95206215,0.5374291500000001,0.9045659125000003,0.552724714
20,21.0,80.0,S,0.9772663,0.3971671,0.9902669461538464,0.5007974857142857
21,22.0,80.0,S,1.0022950000000002,0.4968399000000001,0.930688853846154,0.515342755
22,23.0,80.0,S,1.00347,0.5315455,0.9462168749999997,0.5211625375
23,24.0,80.0,S,0.9666600000000001,0.6823357,0.8854758923076922,0.5979867
24,25.0,80.0,S,0.9864243,0.604889,0.8647141153846154,0.5046596571428571
25,26.0,80.0,S,0.9240062,0.45295270000000004,0.9533926307692309,0.5073857375
26,27.0,80.0,S,1.131369,0.6330835,0.9930284615384615,0.595520375
27,28.0,80.0,S,0.9179787000000001,0.4420786,0.9298118583333334,0.5351949
28,29.0,80.0,S,0.73262585,0.49724120000000005,0.7480331499999999,0.5350226666666666
29,30.0,80.0,S,0.8361951999999999,0.47428370000000003,0.8806526692307693,0.5088491666666667
30,31.0,80.0,S,0.7943633000000001,0.47638459999999994,0.771509975,0.3993551428571428
31,32.0,80.0,S,0.9220047,0.5798736,0.7882606357142857,0.5001220142857143
32,33.0,80.0,S,0.9515731,0.6180365,0.8268059249999999,0.5119137514285714
33,34.0,80.0,S,0.9198120000000001,0.6403205999999999,0.8945468083333332,0.5723571375
34,35.0,80.0,S,0.99648995,0.7081435,0.9491954333333333,0.6090668800000001
35,36.0,80.0,S,0.9429286,0.5690156999999999,0.9342176461538462,0.5777346000000001
36,37.0,80.0,S,0.8890099,0.4672971,0.9195590692307692,0.504960225
37,38.0,80.0,S,0.9762521000000001,0.6186359499999999,0.9142654727272728,0.5389029999999999
38,39.0,80.0,S,1.0045110000000002,0.49438580000000004,0.8535831384615383,0.48095818749999997
39,40.0,80.0,S,1.04361,0.5168369,0.9127901727272728,0.4757051816666667
40,1.0,100.0,S,1.1338270000000001,0.40120459999999997,1.1596006769230771,0.5519326714285714
41,2.0,100.0,S,1.25128,0.5480163,1.1960141142857144,0.6374024222222222
42,3.0,100.0,S,1.3015845000000001,0.6751845999999999,1.2728712000000002,0.6730555333333332
43,5.0,100.0,S,1.3972069999999999,0.6786937000000001,1.2945136307692306,0.6925804875000001
44,6.0,100.0,S,1.380235,0.7453701,1.3417065285714285,0.8136993
45,7.0,100.0,S,1.5046815,0.8350224,1.4762647333333332,0.74942613
46,8.0,100.0,S,1.441802,0.5164809,1.4284289499999998,0.6414309625
47,9.0,100.0,S,1.4104709999999998,0.7857956,1.3059102384615382,0.7504039650000001
48,10.0,100.0,S,1.422995,0.5760679,1.2966007461538462,0.58749628
49,11.0,100.0,S,1.3997110000000001,0.5706515,1.3499361999999997,0.6475663625000001
50,12.0,100.0,S,1.200952,0.5518111,1.1715714153846155,0.6233661125
51,13.0,100.0,S,1.112774,0.7569296,1.0652779833333335,0.6235508457142858
52,14.0,100.0,S,1.1441139999999999,0.7871361,1.1030032357142856,0.6765062857142857
53,15.0,100.0,S,0.977424,0.37990240000000003,0.9699603000000001,0.44282835
54,16.0,100.0,S,1.095905,0.6005189999999999,0.9947721307692308,0.52873898
55,17.0,100.0,S,1.113708,0.6722913,1.0616684166666668,0.6009670500000001
56,18.0,100.0,S,0.9086254,0.6878738,0.9516235833333333,0.5832668571428572
57,19.0,100.0,S,1.0313290000000002,0.5911021,1.0197005909090908,0.5589791000000001
58,20.0,100.0,S,1.08112,0.6604229,1.0548394333333333,0.5896539733333334
59,21.0,100.0,S,0.7052208999999999,0.336501,0.7330553636363636,0.3883628142857143
60,22.0,100.0,S,0.8468897500000001,0.47178380000000003,0.8237845500000001,0.43400149125000004
61,23.0,100.0,S,0.9069993000000001,0.34375009999999995,0.8112314923076922,0.42179545888888886
62,24.0,100.0,S,0.9925381999999999,0.5323512,0.8645512833333333,0.45729488285714287
63,25.0,100.0,S,0.8442519500000001,0.569933,0.7736447750000001,0.4992305714285714
64,26.0,100.0,S,0.9276131000000001,0.52397285,0.8866279833333334,0.46590800875
65,27.0,100.0,S,0.9895103999999999,0.6269604,0.8749016749999999,0.5240622557142858
66,28.0,100.0,S,0.9695351,0.58985515,0.9382434928571427,0.5719888375
67,29.0,100.0,S,0.9104426999999999,0.4337066,0.8722208272727272,0.4488203785714286
68,30.0,100.0,S,0.7283891,0.43766700000000003,0.6795971166666668,0.38067850999999997
69,31.0,100.0,S,0.80371,0.5113807,0.8041490538461539,0.4723243428571429
70,32.0,100.0,S,0.7778146,0.458667,0.6796819923076924,0.40024207142857143
71,33.0,100.0,S,0.8062486,0.69098225,0.7604087071428571,0.6170834
72,34.0,100.0,S,0.8157076999999999,0.3935735,0.7534962846153845,0.40779596500000004
73,35.0,100.0,S,0.8228804,0.558619,0.7688816615384616,0.4875234600000001
74,36.0,100.0,S,0.7616118999999999,0.37162629999999996,0.7897347249999999,0.47071918571428567
75,37.0,100.0,S,0.9317996,0.4977809,0.9214253090909093,0.4555872
76,38.0,100.0,S,0.7770990500000001,0.4896228,0.7796367833333334,0.5081325228571429
77,39.0,100.0,S,0.7565200999999999,0.4232925500000001,0.7447548083333334,0.43080749125000006
78,40.0,100.0,S,0.7883017,0.4860816,0.7930040333333334,0.4065639142857143
79,1.0,120.0,S,0.9756096500000001,0.5087696,0.91286807,0.46223522
80,2.0,120.0,S,0.9880284500000001,0.44489455,0.92475947,0.46197515000000006
81,3.0,120.0,S,1.07612,0.3583005,0.9967538333333334,0.431767115
82,4.0,120.0,S,1.063805,0.54507795,0.9700314222222222,0.49090455000000005
83,5.0,120.0,S,1.039012,0.5814286999999999,0.9534568111111111,0.49165262
84,6.0,120.0,S,0.9445316999999999,0.5654929,0.8755159272727273,0.54095335
85,7.0,120.0,S,1.189619,0.5107484999999999,1.1175378,0.5649820814285714
86,8.0,120.0,S,1.004237,0.65629645,1.080579590909091,0.5854939166666667
87,9.0,120.0,S,0.9929137499999999,0.6553034000000001,0.9435591600000001,0.58248146
88,10.0,120.0,S,1.1953745,0.6986829000000001,1.1687124299999998,0.6105410714285714
89,11.0,120.0,S,0.92505315,0.5654798000000001,0.9298035833333332,0.49776505857142866
90,12.0,120.0,S,1.117843,0.3868781,1.0799631,0.5007768714285714
91,13.0,120.0,S,1.1889,0.48953725000000003,1.14772923,0.5661130333333334
92,14.0,120.0,S,1.073796,0.4284482,1.0458014538461538,0.4719144
93,15.0,120.0,S,1.1697739999999999,0.7847656000000001,1.1490773083333334,0.7037349333333333
94,16.0,120.0,S,1.319232,0.6549635,1.2864420222222224,0.6548678
95,17.0,120.0,S,1.166526,0.4011267,1.1460651833333335,0.5645121714285714
96,18.0,120.0,S,1.218995,0.5368378,1.1759631615384616,0.60808535
97,19.0,120.0,S,1.4218879999999998,0.45952655,1.3889385545454542,0.5542173
98,20.0,120.0,S,1.2528015,0.66064455,1.248609466666667,0.7149433999999999
99,21.0,120.0,S,0.9650395,0.5974503000000001,0.8520786333333333,0.5007079285714287
100,22.0,120.0,S,1.0316405499999999,0.3857142,1.0091553583333333,0.4835796857142857
101,23.0,120.0,S,0.9348635999999999,0.5303339,0.9505805083333333,0.5385609625000001
102,24.0,120.0,S,0.9998538,0.3791509,0.912009690909091,0.4682160142857143
103,25.0,120.0,S,1.07599625,0.50686635,1.01475324,0.46104325124999995
104,26.0,120.0,S,1.0888790000000002,0.6415571,0.9466518777777778,0.5465194333333333
105,27.0,120.0,S,1.0188045000000001,0.40749899999999994,1.00801228,0.44525996166666665
106,28.0,120.0,S,0.9655677,0.5016872,0.9214636083333333,0.49650590888888896
107,29.0,120.0,S,0.9965050999999999,0.5984254,0.9350944636363636,0.5282800142857144
108,30.0,120.0,S,0.91170785,0.4135297000000001,0.8776526333333335,0.4673535685714286
109,31.0,120.0,S,1.0537,0.5296418,1.0393069444444445,0.49119884142857145
110,32.0,120.0,S,1.198243,0.6165347,1.093219311111111,0.5889298
111,33.0,120.0,S,1.00760505,0.50272615,0.96224099,0.4396645516666666
112,34.0,120.0,S,1.1204085,0.5497999,0.9415602399999999,0.50950304
113,36.0,120.0,S,0.9026034000000001,0.4167338,0.8448135833333333,0.41863683857142864
114,37.0,120.0,S,1.0064516000000001,0.5630834,1.0177402125,0.50735462
115,38.0,120.0,S,0.9839976500000001,0.66505295,0.8969161000000001,0.5663221333333334
116,39.0,120.0,S,0.9430405000000001,0.6330563499999999,0.8852218,0.5479819383333333
117,40.0,120.0,S,1.05178,0.5290023500000001,0.9419732090909093,0.5030187
118,1.0,80.0,M,1.9186234999999998,0.9516099500000001,1.7627640857142854,0.8990073000000001
119,2.0,80.0,M,1.884418,0.7696703,1.6766631933333331,0.7971290218181818
120,3.0,80.0,M,1.812049,0.9080191,1.8337600357142858,0.924314213
121,4.0,80.0,M,1.9894330000000002,0.8553546999999999,2.0486662307692307,0.891814509090909
122,5.0,80.0,M,1.923927,0.9745889000000001,1.9533823846153848,0.9076982372727272
123,6.0,80.0,M,1.817969,0.821385,1.7994172142857146,0.8325265754545454
124,7.0,80.0,M,1.557552,0.7654158000000001,1.4332333937500004,0.8381052972727274
125,8.0,80.0,M,1.6392875,0.89828215,1.6956141428571427,0.85286185
126,9.0,80.0,M,1.486451,0.85841325,1.6147069133333334,0.8459036099999999
127,10.0,80.0,M,1.316911,0.8461083,1.3626217612499996,0.8049291625
128,11.0,80.0,M,1.302243,0.7910054,1.3765286666666667,0.751640525
129,12.0,80.0,M,1.466736,0.7911675,1.32598301875,0.816553566
130,13.0,80.0,M,1.5775059999999999,0.8236357,1.6226077533333332,0.8573414666666667
131,14.0,80.0,M,1.595175,0.7347186,1.4556610133333334,0.7336419545454546
132,15.0,80.0,M,1.288656,0.80610045,1.29089723125,0.725262905
133,16.0,80.0,M,1.482609,0.7520185,1.4578749500000001,0.7892991818181819
134,17.0,80.0,M,1.4891904999999999,0.7558208000000001,1.5059975785714284,0.7393031416666668
135,18.0,80.0,M,1.345121,0.7022188,1.3578645066666672,0.7391013754545455
136,19.0,80.0,M,1.5940725,0.6992602,1.4827382357142855,0.7189589827272727
137,20.0,80.0,M,1.1883780000000002,0.6988282,1.2971389882352942,0.7302500030000001
138,21.0,80.0,M,1.237755,0.41968829999999996,1.1290909,0.49633188125000005
139,22.0,80.0,M,1.41606,0.7407986999999999,1.3375597928571428,0.70918278125
140,23.0,80.0,M,1.284532,0.845392,1.3224694399999999,0.7682045142857145
141,24.0,80.0,M,1.310876,0.7101613,1.2697889266666667,0.6670449112500001
142,25.0,80.0,M,1.479982,0.6895544,1.2967558615384613,0.6782263500000001
143,26.0,80.0,M,1.40723,0.8450751,1.4411323692307694,0.8042332
144,27.0,80.0,M,1.571968,0.9111068000000001,1.55442475,0.8145938822222223
145,28.0,80.0,M,1.4593600000000002,0.4619604000000001,1.3076834285714287,0.6618018666666666
146,29.0,80.0,M,1.53505,0.5817468000000001,1.3228055384615387,0.60855534125
147,30.0,80.0,M,1.354925,0.9500363000000002,1.3396558357142856,0.8270959571428572
148,31.0,80.0,M,1.5138655,0.7712386,1.4763866749999996,0.6628223428571428
149,32.0,80.0,M,1.574106,0.6754433,1.3891281307692305,0.787538175
150,33.0,80.0,M,1.5263665,0.8931733000000001,1.5118851666666666,0.8039800033333333
151,34.0,80.0,M,1.632254,0.6773986,1.5953622307692308,0.8264119488888889
152,35.0,80.0,M,1.32756,0.8475251,1.3629203,0.7809339714285715
153,36.0,80.0,M,1.351609,0.509332,1.3104701384615385,0.6037416428571429
154,37.0,80.0,M,1.265185,0.4931985,1.2953688499999998,0.6545417571428571
155,38.0,80.0,M,1.2703955,0.8639064,1.2732354785714288,0.7711850299999999
156,39.0,80.0,M,1.29934,0.8339339,1.1878326733333333,0.6924500814285715
157,40.0,80.0,M,1.363796,0.5391188,1.1947731615384618,0.56442415
158,1.0,100.0,M,1.7764185000000001,1.061025,1.8134265785714287,0.9273640777777779
159,2.0,100.0,M,1.6504470000000002,0.9162446,1.6130271538461538,0.909687125
160,3.0,100.0,M,1.9107880000000002,0.6650881999999999,1.6400161692307693,0.6830596250000001
161,4.0,100.0,M,2.2609980000000003,1.094905,2.1759357,1.022783890909091
162,5.0,100.0,M,1.533675,0.5277231,1.5962037384615388,0.6990569333333334
163,6.0,100.0,M,1.6922104999999998,0.8197946,1.7036118333333337,0.8170210333333334
164,7.0,100.0,M,1.602946,0.6966649999999999,1.6338556461538458,0.82878574
165,8.0,100.0,M,1.531812,0.8080629,1.5708541666666667,0.8011127111111112
166,9.0,100.0,M,1.7434740000000002,1.0835191,1.6730932307692306,0.9471213962499999
167,10.0,100.0,M,1.6824065,0.7672545000000001,1.7199213333333334,0.7646524666666665
168,11.0,100.0,M,1.490112,0.9891361999999999,1.4830420533333333,0.948826175
169,12.0,100.0,M,1.607008,0.96740955,1.5008986500000001,0.8823700499999999
170,13.0,100.0,M,1.647563,0.9850144000000001,1.5844643307692305,0.8401976
171,14.0,100.0,M,1.2634105,0.91871575,1.3126011785714284,0.8153934
172,15.0,100.0,M,1.420105,0.8825045,1.3776572333333332,0.7731702285714286
173,16.0,100.0,M,1.386624,0.5842282,1.395127566666667,0.6201635025
174,17.0,100.0,M,1.571231,0.82924635,1.4861037307692309,0.7502759625
175,18.0,100.0,M,1.711641,0.9399056,1.5874284153846152,0.818740842857143
176,19.0,100.0,M,1.3867015,0.7982818,1.435794242857143,0.7625304666666666
177,20.0,100.0,M,1.6876685,0.8041931999999999,1.6357268,0.7704481142857142
178,21.0,100.0,M,1.151512,0.646814,1.1049622583333336,0.621738975
179,22.0,100.0,M,1.345815,0.4951076,1.1239778,0.608540788888889
180,23.0,100.0,M,1.330968,0.72330445,1.3596036461538459,0.72333324
181,24.0,100.0,M,1.430548,0.8042169,1.2680472916666667,0.6953062571428571
182,25.0,100.0,M,1.264989,0.6692239999999999,1.243346892857143,0.69058913
183,26.0,100.0,M,0.948211,0.8241478000000001,1.1026986666666667,0.800720675
184,27.0,100.0,M,1.323004,0.8938387999999999,1.2981713133333332,0.7722349037499999
185,28.0,100.0,M,1.4682959999999998,0.6211411,1.3143066692307692,0.6168605125
186,29.0,100.0,M,1.2957845,0.6681948,1.3022123571428572,0.7073514555555556
187,30.0,100.0,M,1.2681799999999999,0.6327394000000001,1.2995100615384618,0.6987604181818182
188,31.0,100.0,M,1.537919,0.6319615,1.4011433153846153,0.7464505666666665
189,32.0,100.0,M,1.3790865,0.6103331999999999,1.35054285,0.6410399044444444
190,33.0,100.0,M,1.110676,0.70956655,1.111904757142857,0.6980002375000001
191,34.0,100.0,M,1.166463,0.9054895000000001,1.1581018,0.7943476142857143
192,35.0,100.0,M,1.3046360000000001,0.78262275,1.2720427357142856,0.7062097999999999
193,36.0,100.0,M,1.1766969999999999,0.7518969499999999,1.1750009285714285,0.652155905
194,37.0,100.0,M,1.181327,0.6035057500000001,1.1509475166666665,0.5912488340000002
195,38.0,100.0,M,1.114372,0.6986154,1.1477228538461537,0.68522945
196,39.0,100.0,M,1.172336,0.7683349500000001,1.1561989846153848,0.6768669125000001
197,40.0,100.0,M,1.154311,0.67995925,1.1731831461538462,0.6745785
198,1.0,120.0,M,1.8042145,0.85870275,1.7501863,0.842670929
199,2.0,120.0,M,1.889386,0.4697326,1.72669422,0.6435126542857142
200,3.0,120.0,M,1.427979,0.65137115,1.3937201333333331,0.6673712500000001
201,4.0,120.0,M,1.53795,0.5579967,1.5362328,0.7109201714285714
202,5.0,120.0,M,1.482346,0.7078015000000001,1.4643439,0.7245691642857143
203,6.0,120.0,M,1.421475,0.7221859,1.3421603500000001,0.73500404
204,7.0,120.0,M,1.740386,0.77184845,1.7071420272727271,0.7853199125000001
205,8.0,120.0,M,1.5446364999999997,1.062293,1.537863233333333,0.8951351285714286
206,9.0,120.0,M,1.6901275,0.6158670999999999,1.6897683666666667,0.7663290714285714
207,10.0,120.0,M,1.511631,0.9852467,1.3716593,0.8786039833333333
208,11.0,120.0,M,1.663446,0.7879885999999999,1.6251229076923077,0.776188825
209,12.0,120.0,M,1.9146165000000002,0.7518958,1.8486568,0.7947913877777777
210,13.0,120.0,M,1.795147,1.053277,1.496111376923077,0.8968329285714286
211,14.0,120.0,M,1.9353159999999998,0.9484007,1.7268150416666666,0.8849229571428572
212,15.0,120.0,M,1.7840405000000001,1.067792,1.7697644999999997,0.9505877777777777
213,16.0,120.0,M,1.592984,0.8905921,1.5958328333333336,0.8555936285714285
214,17.0,120.0,M,1.884153,0.6589668000000001,1.8552763000000003,0.8390230888888889
215,18.0,120.0,M,1.8077259999999997,0.9070553,1.6576248583333333,0.9223343999999999
216,19.0,120.0,M,1.69417,1.0246304,1.7305785999999999,0.93936341125
217,20.0,120.0,M,1.574946,0.7249204,1.4709159538461536,0.7361193416666666
218,21.0,120.0,M,1.3081749999999999,0.5204641999999999,1.1872821916666665,0.6233969428571429
219,22.0,120.0,M,1.3939620000000001,0.79475915,1.3040781636363636,0.7510490166666667
220,23.0,120.0,M,1.377381,0.7016861000000001,1.3537253272727272,0.6842526733333333
221,24.0,120.0,M,1.11871835,0.727589,1.1458196416666666,0.6463400000000001
222,25.0,120.0,M,1.2389645,0.5078299000000001,1.2512717250000003,0.6269314625
223,26.0,120.0,M,1.549566,0.8018894,1.2998798636363635,0.7299390333333333
224,27.0,120.0,M,1.0557809999999999,0.4777848,0.9928516090909089,0.4808780028571428
225,28.0,120.0,M,1.2004059999999999,0.7614379499999999,1.0987087923076924,0.6802858166666667
226,29.0,120.0,M,1.301397,0.6520608,1.108933325,0.6278141616666666
227,30.0,120.0,M,1.2122915,0.7004642,1.1769917749999999,0.6578060571428572
228,31.0,120.0,M,1.31575,0.6698472,1.3156805333333335,0.6022150333333333
229,32.0,120.0,M,1.493435,0.6695455,1.2462165181818181,0.6057318666666666
230,33.0,120.0,M,1.34308,0.6264833,1.2833858166666665,0.6263206666666666
231,34.0,120.0,M,1.212375,0.5455730999999999,1.1977953833333335,0.5948634142857142
232,35.0,120.0,M,1.203337,0.59901565,1.2143090363636364,0.5827257066666666
233,36.0,120.0,M,1.3173180000000002,0.6244028500000001,1.29463955,0.586793625
234,37.0,120.0,M,1.4749615,0.7429765499999998,1.4279158100000005,0.6809093
235,38.0,120.0,M,1.090659,0.629185,1.1850839727272726,0.6061247142857143
236,39.0,120.0,M,1.395232,0.66830185,1.2355961599999998,0.656011525
237,40.0,120.0,M,1.377838,0.96521,1.3302841000000003,0.8441625833333335
238,1.0,80.0,L,1.877318,0.9126573499999999,1.8369097599999997,0.9562420899999999
239,2.0,80.0,L,2.071097,1.021829,2.0020456666666666,1.0187054545454546
240,3.0,80.0,L,1.938015,0.9105489499999999,1.819590666666667,0.9602906385714285
241,4.0,80.0,L,1.734114,0.9133478,1.6703699166666663,1.0190984454545455
242,5.0,80.0,L,1.6975740000000001,0.9307303,1.7451312611111114,0.9817186538461538
243,6.0,80.0,L,1.842811,1.0006906500000001,1.8440116999999998,1.0047901583333336
244,7.0,80.0,L,1.592335,0.83965225,1.663253617647059,0.9261243583333334
245,8.0,80.0,L,2.062648,0.8688449,1.9154533333333335,0.94689426
246,9.0,80.0,L,1.6884150000000002,0.8553026,1.7045815705882352,0.8901070999999999
247,10.0,80.0,L,1.8968330000000002,0.8789572000000001,1.9003555352941177,0.9490229033333334
248,11.0,80.0,L,2.200054,0.9236619,2.1001798666666667,1.0505730357142855
249,12.0,80.0,L,1.9195115,1.004939,1.8032677499999998,1.095536318181818
250,13.0,80.0,L,2.073662,1.049484,2.038469066666666,1.038949757272727
251,14.0,80.0,L,2.07756,0.94955675,1.9876668941176476,0.974205125
252,15.0,80.0,L,2.326848,0.9866443000000001,2.1942870666666665,1.0667343545454546
253,16.0,80.0,L,2.498822,1.1640110000000001,2.2291879333333338,1.1468114900000002
254,17.0,80.0,L,1.903171,1.0580129999999999,1.7981163944444443,1.1487862454545452
255,18.0,80.0,L,1.829553,0.93370865,1.7658483176470587,0.924479896
256,19.0,80.0,L,1.7768495,0.9600122999999999,1.6909263555555554,1.01175186
257,20.0,80.0,L,2.277576,0.99828695,2.07672574,1.0058061999999999
258,21.0,80.0,L,1.667531,1.047675,1.7918566999999999,0.9601570285714285
259,22.0,80.0,L,2.1566739999999998,0.8945228999999999,1.984549607142857,0.916075775
260,23.0,80.0,L,1.831668,0.8192495000000001,1.7090958266666667,0.8968921000000001
261,24.0,80.0,L,1.7146830000000002,1.06445,1.7217416066666666,1.0287115125
262,25.0,80.0,L,2.1744305,1.02048465,2.1640962499999996,0.9335305620000002
263,26.0,80.0,L,2.059368,0.77669615,1.8593036285714284,0.8931800260000001
264,27.0,80.0,L,1.8173380000000001,0.7957632,1.746718235714286,0.7820225
265,28.0,80.0,L,1.637205,0.9775128000000001,1.7301427933333333,0.94208025125
266,29.0,80.0,L,1.8251415,0.9802276999999999,1.8021051666666663,0.9140426789999999
267,30.0,80.0,L,1.450849,1.1540700000000002,1.624053426666667,1.0575423428571429
268,31.0,80.0,L,1.8919119999999998,0.7431687,1.74025925,0.8683251111111111
269,32.0,80.0,L,1.698853,0.68307225,1.7952339076923078,0.81138367375
270,33.0,80.0,L,1.8185639999999998,0.7728024,1.7620115714285713,0.8276020500000001
271,34.0,80.0,L,1.946693,0.9640360000000001,1.9284407499999998,0.89439148
272,35.0,80.0,L,1.9517579999999999,0.6306345,1.751460042857143,0.7097695637500001
273,36.0,80.0,L,1.749416,0.8645911500000001,1.6542522647058826,0.894633
274,37.0,80.0,L,1.938847,0.9524547000000001,1.9292759999999998,0.8978020350000001
275,38.0,80.0,L,1.8907490000000002,1.02475455,1.9639265384615388,1.0258999125
276,39.0,80.0,L,1.8176849999999998,0.81702325,1.8434784615384614,0.8387617900000001
277,40.0,80.0,L,1.9646305000000002,0.9185627000000001,1.7905308714285713,0.7918465571428571
278,1.0,100.0,L,2.234411,0.8379976,2.292564923076923,1.0818689355555557
279,2.0,100.0,L,2.233089,1.1284239999999999,2.339526307692308,1.0814969111111108
280,3.0,100.0,L,2.396154,0.9511391,2.339603076923077,0.9770545583333333
281,4.0,100.0,L,1.9669919999999999,0.98137615,1.9685144529411762,1.0517121180000002
282,5.0,100.0,L,2.255033,0.89850125,2.0870908133333335,1.0313979500000001
283,6.0,100.0,L,2.601692,1.27478,2.5084592307692306,1.2112922599999998
284,7.0,100.0,L,2.3753985,0.8993631,2.331421771428571,1.0378018224999999
285,8.0,100.0,L,2.896743,0.8683298,2.614861,1.0645072999999998
286,9.0,100.0,L,2.492872,1.0935454500000001,2.6435096923076924,1.21953253
287,10.0,100.0,L,2.460093,1.0752769999999998,2.4355599090909092,1.0716736199999999
288,11.0,100.0,L,2.5706555,1.033325,2.3644776642857144,1.1537516636363636
289,12.0,100.0,L,2.0998099999999997,1.139457,1.9053387133333335,1.150521825
290,13.0,100.0,L,2.454053,1.03154515,2.3169180615384617,1.16836525
291,14.0,100.0,L,2.43725,1.144609,2.337941076923077,1.0940064727272727
292,15.0,100.0,L,2.389508,0.7756945,2.2169368461538466,0.97346433
293,16.0,100.0,L,2.420175,1.00477245,2.3340655,0.988466241
294,17.0,100.0,L,2.3905925,1.367665,2.4359270714285715,1.232323871111111
295,18.0,100.0,L,2.361663,1.105341,2.329413769230769,1.1347546
296,19.0,100.0,L,2.049538,0.8969424000000001,2.0698999733333334,1.0420079555555555
297,20.0,100.0,L,2.238407,0.9013879000000001,2.2169869357142855,1.0511637555555555
298,21.0,100.0,L,1.698162,0.90957855,1.6131005875000002,0.90314216
299,22.0,100.0,L,1.7791815,0.8076865,1.6313165642857146,0.8172567
300,23.0,100.0,L,1.7728389999999998,0.6362468000000001,1.63008245,0.7138827037500002
301,24.0,100.0,L,1.575315,1.0517546,1.6421631642857144,0.91524678625
302,25.0,100.0,L,1.680506,0.76967775,1.6460971076923074,0.821766864
303,26.0,100.0,L,1.7378635,0.9354346,1.725883416666667,0.9702012222222223
304,27.0,100.0,L,1.7749419999999998,0.8742584999999999,1.584224415384615,0.71689229
305,28.0,100.0,L,1.632243,0.5864501,1.5332403538461539,0.6301877787500001
306,29.0,100.0,L,1.602826,0.8544356,1.4728189071428572,0.8098547862500001
307,30.0,100.0,L,1.550662,0.741312,1.6095517384615385,0.78162891
308,31.0,100.0,L,1.4846620000000001,0.8159257,1.5372187076923078,0.7158052142857142
309,32.0,100.0,L,1.7892185,1.078785,1.7308499000000002,0.9436245155555556
310,33.0,100.0,L,1.446581,0.5540248000000001,1.4478876928571427,0.7290572644444445
311,34.0,100.0,L,1.3322615,0.97479265,1.29357505,0.8670926333333333
312,35.0,100.0,L,1.499347,0.74132815,1.4827899538461542,0.67857448875
313,36.0,100.0,L,1.597858,0.9499997,1.5568334615384611,0.9366211875
314,37.0,100.0,L,1.703468,0.8577870999999999,1.5109550583333329,0.7775921142857143
315,38.0,100.0,L,1.429836,0.4682675,1.4476937583333334,0.6383816
316,39.0,100.0,L,1.55613,0.93724955,1.5231372230769227,0.869097131
317,40.0,100.0,L,1.521963,0.7264518499999999,1.4983341615384616,0.759826982
318,1.0,120.0,L,2.4686615,1.5087700000000002,2.1584505714285713,1.3000303285714288
319,2.0,120.0,L,2.685107,1.0964315,2.674366076923077,1.1961716
320,3.0,120.0,L,2.7616445,0.9950631,2.7908749999999998,1.16752875
321,4.0,120.0,L,2.777913,1.177097,2.75699425,1.15055727
322,5.0,120.0,L,2.3802220000000003,0.8213234500000001,2.3982818461538464,1.0870782900000002
323,6.0,120.0,L,2.719576,1.267136,2.4124146769230768,1.25135244125
324,7.0,120.0,L,2.3892785,1.1381655,2.4378196666666665,1.163361075
325,8.0,120.0,L,2.762471,1.3160530000000001,2.447445123076924,1.2943503975000001
326,9.0,120.0,L,2.3788240000000003,1.1959879999999998,2.273646445454545,1.0376517428571428
327,10.0,120.0,L,2.0150349999999997,0.9552256499999999,2.1945479846153844,1.04509295
328,11.0,120.0,L,2.020251,0.6504415,2.12340723076923,0.9632950666666665
329,12.0,120.0,L,2.4963889999999997,1.139467,2.2138147384615388,0.9944146285714286
330,13.0,120.0,L,2.335086,1.159936,2.178431130769231,1.0174467285714286
331,14.0,120.0,L,2.428925,1.177449,2.3732969,1.1233827855555556
332,15.0,120.0,L,2.46128,1.0088609,2.241112915384615,0.9983464375000001
333,16.0,120.0,L,2.0837765,0.7398018,1.9209037833333333,0.8426654874999999
334,17.0,120.0,L,2.379578,1.2217989999999999,1.939944946153846,1.0951904833333332
335,18.0,120.0,L,2.260694,0.975611,2.1748421363636363,0.8801930285714284
336,19.0,120.0,L,2.3322205,0.9221424000000001,2.2704394000000003,0.8640134328571428
337,20.0,120.0,L,2.400057,1.222888,2.160312807692308,1.0711842
338,21.0,120.0,L,1.6667074999999998,0.9081358500000001,1.66628565,0.8999142337500001
339,22.0,120.0,L,1.5220259999999999,0.6212674,1.5246579428571427,0.7866255
340,23.0,120.0,L,1.8810435,0.69409805,1.8471484333333332,0.8323143624999999
341,24.0,120.0,L,2.021903,0.8027783500000001,1.9608581,0.87519339625
342,25.0,120.0,L,1.7867675000000003,0.9002114999999999,1.7490506666666665,0.8121310142857142
343,26.0,120.0,L,1.75294,1.118226,1.750248025,0.9563068957142856
344,27.0,120.0,L,1.6944485,0.8688434000000002,1.6531913000000003,0.7797452214285714
345,28.0,120.0,L,2.037897,1.1282705,2.0455565555555557,1.03435568625
346,29.0,120.0,L,1.8384099999999999,1.0505309999999999,1.6640833499999996,0.9507419285714285
347,30.0,120.0,L,1.9321294999999998,0.7084451,1.82601098,0.6974407933333334
348,31.0,120.0,L,2.009338,0.6667115000000001,1.8308886666666666,0.6967127
349,32.0,120.0,L,1.741141,1.1081946999999999,1.6908115818181815,0.9664621833333333
350,33.0,120.0,L,1.9743650000000001,0.756269,1.8950865555555556,0.766386757142857
351,34.0,120.0,L,2.204129,0.8931496999999999,2.2132437777777785,0.9310037444444446
352,35.0,120.0,L,2.3045619999999998,0.9358031,2.204780777777778,0.9495565999999999
353,36.0,120.0,L,1.750795,0.9367146999999999,1.5898886076923078,0.8285983714285715
354,37.0,120.0,L,1.814318,1.0163506,1.9114932222222225,0.9195907875
355,38.0,120.0,L,1.6402855,0.9738077999999999,1.6301655666666663,0.8469583266666666
356,39.0,120.0,L,1.8123619999999998,0.6292492,1.7647922222222223,0.7265192285714287
357,40.0,120.0,L,1.8007950000000001,0.9152800999999999,1.6331459249999998,0.8769391000000001
